short_term_rainfall,long_term_rainfall,elevation_relief,latitude,longitude,LandslideProb
3.3804030210038802,10.755827794103254,1018,31.88592270031261,76.58934992092544,0.0748663101604278
6.863645770704124,66.1994826112732,267,19.2676971268702,84.25632850886748,0.8275862068965517
24.1,46.400000000000006,770,9.9903,76.7898,0.37681159420289856
17.3,118.0,476,24.27173018,93.28039349,0.8275862068965517
0.0,1.9,157,20.944738,85.156627,0.0748663101604278
33.3,191.4,1785,30.6014,78.3449,0.9926739926739927
44.2,133.3,120,34.1587,74.4725,0.9926739926739927
151.0,205.8,815,25.1796,93.0083,0.9926739926739927
9.6,97.7,15,25.4243,88.2746,0.8275862068965517
0.0,31.0,23,17.4655,78.4606,0.0748663101604278
25.0,63.1,8,25.907233,91.881892,0.8275862068965517
45.5,76.6,1983,33.2359,75.2439,0.45454545454545453
21.347873828013782,109.78914901231495,702,27.78998792943611,86.70106641463225,0.8275862068965517
1.0612228542316977,4.846130299687851,9,18.960342832742093,78.80238288610455,0.0748663101604278
0.0,1.0002303549377416,431,19.276040337653733,73.42873040408122,0.0748663101604278
162.3,251.1,1646,27.0095,88.2592,0.9926739926739927
46.2,217.4,1178,31.0851,77.1665,0.9926739926739927
0.0,26.773437109503803,24,16.10045756647386,78.3965483485522,0.0748663101604278
1.8403798505537068,2.1432271677334307,234,20.703776634409707,77.3948454696482,0.0748663101604278
37.4,210.5,477,30.1944,79.1939,0.9926739926739927
23.325726830822205,112.5352662792832,120,20.37522575249504,84.57288675488215,0.8275862068965517
55.7,195.7,362,25.203,90.5573,0.9926739926739927
9.9,96.4,1943,33.0068,74.9455,0.8275862068965517
0.0,34.3,2180,33.17580726,75.81055668,0.0748663101604278
0.0,28.02596374355703,590,32.949758499009484,75.20124112741159,0.0748663101604278
50.0,71.3,2225,31.8833,78.6167,0.45454545454545453
7.209372763972521,9.467730497265118,1009,32.660416014779614,76.91076269281857,0.0748663101604278
61.9,219.7,33,18.7686,73.3678,0.9926739926739927
29.56257491430006,38.403057843217546,703,34.246090578543836,74.24805466810659,0.37681159420289856
7.909090936045767,12.808005471059191,395,18.808735582018134,79.18783487367742,0.0748663101604278
0.20337625032504653,13.281030007801116,2052,31.77026996485184,77.30056757695391,0.0748663101604278
45.3,253.2,1526,32.5606,76.1206,0.9926739926739927
6.6,124.4,1770,30.4521,78.754,0.8275862068965517
12.9,232.2,9,25.83,94.13,0.8275862068965517
0.1426465831289236,4.146555466566886,15,23.14986652982558,79.25404883865657,0.0748663101604278
7.32266601201183,12.984194167155499,976,32.46496045542879,76.99906247243612,0.0748663101604278
0.6094253706096344,18.31594687096242,520,32.003409302615374,76.41643475087103,0.0748663101604278
0.0,6.32360508774272,1815,19.290897650435447,77.03364433839683,0.0748663101604278
4.6,143.6,1447,31.11122752,77.60624692,0.8275862068965517
21.9,87.19999999999999,299,23.72988966,92.71495623,0.8275862068965517
12.5,141.3,2172,30.819,78.6149,0.8275862068965517
52.9,230.9,735,25.4477,94.0489,0.9926739926739927
52.4,91.6,735,11.74045825,75.79592486,0.9926739926739927
40.9,56.7,1057,23.73478778,92.72124394,0.45454545454545453
45.7,62.900000000000006,1744,33.33827658,75.19548806,0.45454545454545453
0.0,5.176432114671304,2018,32.31055519370825,76.49276353907547,0.0748663101604278
3.8,39.8,1,19.292213,73.064979,0.0748663101604278
114.6,249.8,588,25.58822736,92.02269564,0.9926739926739927
189.4,364.4,969,25.5772,91.8666,0.9926739926739927
37.1,157.5,754,30.9753,78.4375,0.9926739926739927
0.2536757293816432,0.9422241377032461,75,27.13814306268149,82.81752972080959,0.0748663101604278
28.1,129.1,1915,33.0165,74.9437,0.8275862068965517
4.3,16.5,799,11.67186116,75.96235435,0.0748663101604278
1.3371458824987474,1.7560108577393176,913,34.26989965961064,75.17043518523522,0.4444444444444444
46.2,160.2,330,25.48,94.1383,0.9926739926739927
20.9,372.8,2230,27.5748,91.8644,0.8275862068965517
58.6,105.3,744,12.04592412,75.73268747,0.9926739926739927
32.0,226.0,235,26.1966,91.802,0.8275862068965517
37.68859249390219,64.8914727051457,1976,32.98323827823693,75.59548904490588,0.45454545454545453
17.27004126672725,22.434527291466264,508,25.097316078885882,73.63876736526825,0.37681159420289856
101.3,284.3,126,12.89163444,74.88548779,0.9926739926739927
169.4,383.6,1957,27.06826195,88.28121204,0.9926739926739927
28.3,73.7,922,33.01739981,74.93828041,0.8275862068965517
0.0,7.729701725233239,1902,27.737584551771356,77.20849037920844,0.0748663101604278
0.8208949058257454,2.6119383367182807,922,33.968468281517104,75.2149526001888,0.4444444444444444
119.6,216.7,222,27.01145644,92.64204045,0.9926739926739927
98.1,311.7,968,29.33,80.1,0.9926739926739927
13.7,51.7,402,33.7403,77.7559,0.37681159420289856
0.0,0.0,82,23.43956083440017,75.92081019962703,0.0748663101604278
0.006646400599528701,1.891454627800606,157,20.994130839993694,85.21825122051186,0.0748663101604278
0.12356962240385577,0.4589728832143215,61,21.50022522281729,87.1872050526757,0.0748663101604278
32.9,263.4,1153,31.0215,77.1038,0.8275862068965517
77.2,116.8,1758,33.24788762,75.21401709,0.9926739926739927
32.17555943748066,78.65835383314405,45,12.02892857280134,76.55925581063957,0.22727272727272727
88.6,214.4,1505,27.36,93.0385,0.9926739926739927
19.85697649328155,274.0450766976928,100,10.505118750215342,76.05879262312398,0.22727272727272727
103.7,282.6,2910,31.4582,78.2114,0.9926739926739927
0.012677128674588355,0.04708647793418532,61,20.901819227263005,86.15321302491716,0.0748663101604278
59.6,247.6,1099,19.336,73.7793,0.9926739926739927
36.4,122.1,1172,23.7527,92.694,0.9926739926739927
5.606819600012291,6.58832232223622,285,25.718450228071156,91.86234304667502,0.0748663101604278
43.9,71.6,384,31.7093,76.9297,0.45454545454545453
48.2,367.3,149,25.82601444,91.87113067,0.9926739926739927
0.6976457859517338,2.591255776392154,65,24.624130905206457,92.51060111731678,0.0748663101604278
59.6,268.2,11,27.092916,93.61882043,0.9926739926739927
10.1,137.7,1572,25.8877,94.7861,0.8275862068965517
1.8,23.0,1382,32.24637329,78.06616409,0.0748663101604278
5.1,34.0,2425,32.3491,77.2181,0.0748663101604278
51.8,52.6,2017,30.50415824,79.48751264,0.37681159420289856
38.6,76.4,744,9.6326,76.9792,0.45454545454545453
18.289989140824954,304.78550242244694,93,11.679784200365825,75.63756333311663,0.22727272727272727
0.7,1.0,205,26.1468,91.6469,0.0748663101604278
25.74171612608745,150.03875793446232,168,12.504025754627094,75.69456850670119,0.22727272727272727
26.2,86.9,55,18.7632,73.347,0.8275862068965517
15.6,63.8,629,30.7059,76.9844,0.8275862068965517
0.0,6.85951462607818,27,14.597821923785272,78.27445936899052,0.0748663101604278
14.8,162.10000000000002,266,32.1967,76.3194,0.8275862068965517
0.0,7.586295684545582,1962,31.902107160963176,77.09013504881058,0.0748663101604278
0.0,27.240081302451955,1603,15.805539383336644,76.90088507447958,0.0748663101604278
92.5,139.6,1093,31.1011,77.1793,0.9926739926739927
22.693080943753447,111.46840587193847,119,20.177280715069465,84.38383998247457,0.8275862068965517
15.1,35.3,1290,34.1482,77.5971,0.37681159420289856
0.0,0.811836082657514,69,18.850863761403165,81.46734449423239,0.0748663101604278
84.7,159.0,961,12.80189359,75.59095835,0.9926739926739927
0.0,2.0487583587312703,81,15.830234772064209,74.50800274953122,0.0748663101604278
39.5,226.7,1118,30.9044,77.0969,0.9926739926739927
17.2,129.79999999999998,1764,11.34942664,76.84947966,0.22727272727272727
2.734680623206324,11.4905353461816,202,24.878815206567932,92.539120530357,0.0748663101604278
2.6,27.700000000000003,2045,32.4035,77.5796,0.0748663101604278
0.26696055586075995,7.221136931778462,2379,32.62345026665605,76.63332539449446,0.0748663101604278
31.083087545097946,145.7199221998312,2086,33.21839748956989,75.30096726640504,0.8275862068965517
10.2,64.8,143,11.64235289,78.13176899,0.22727272727272727
1.4,187.8,1187,32.95544044,74.9648329,0.8275862068965517
37.79383342983868,51.83687844848933,622,34.00360419299799,74.1461122361442,0.37681159420289856
46.0,128.0,943,25.2745,94.0212,0.9926739926739927
14.724789275492416,68.56370871052923,2471,32.304446006726394,76.90863859033016,0.8275862068965517
42.0,92.6,1332,25.4769,94.1351,0.9926739926739927
27.236929047717187,156.53640962597328,156,10.473253809143525,76.84468278776524,0.22727272727272727
10.2,281.7,293,27.05880384,93.54136779,0.8275862068965517
0.5707806370039978,1.7367170996261483,20,16.681344743931906,78.3537114268442,0.0748663101604278
0.0,26.656460862403016,1613,16.299900097911046,76.91299594884134,0.0748663101604278
0.2958632233438809,6.858520643530326,1608,11.346450744460315,76.80738123346116,0.0748663101604278
33.5,284.6,635,25.73111942,93.98827528,0.9926739926739927
0.0,28.6,594,33.24019317,75.23888989,0.4444444444444444
4.592046665979783,12.650526152895083,34,10.563109840066303,77.89331313854554,0.0748663101604278
0.0,29.725603860596536,79,14.683950982759944,75.53415438182783,0.0748663101604278
38.2,142.60000000000002,891,33.13810294,75.51068484,0.9926739926739927
0.0,0.0,82,24.373792639456685,76.16792760050163,0.0748663101604278
12.511556570807661,51.1697381061158,2601,32.22059277659062,77.37561563833951,0.37681159420289856
16.5,186.6,2047,27.1695,88.3664,0.8275862068965517
13.4,21.700000000000003,375,18.83564731,83.23165345,0.37681159420289856
25.1,154.7,2871,27.7167,88.5577,0.8275862068965517
23.785800809750064,200.91298785374903,123,8.658490115085332,76.901312869099,0.22727272727272727
25.8,33.8,1235,31.1066,77.209,0.37681159420289856
0.23763412345619178,12.793535555528631,2101,31.99327209686253,76.97738531691964,0.0748663101604278
43.9,71.6,377,31.7018,76.9424,0.45454545454545453
0.0,0.42017622071630245,81,25.99962006071026,76.66696327159073,0.0748663101604278
96.3,201.1,363,18.3978,73.5086,0.9926739926739927
16.270732093779216,71.30975902653722,828,29.568835345451255,83.01727066345214,0.8275862068965517
0.23463806915213062,49.5350747397994,71,16.94307759608306,82.61702304414236,0.0748663101604278
0.9871353978780602,6.015198055702354,27,12.159719319905465,78.14969469268118,0.0748663101604278
52.9,238.3,242,26.1666,91.7042,0.9926739926739927
31.180726909447955,40.54249396626989,753,33.53833616743444,75.04583163431734,0.37681159420289856
0.24582739646179994,10.490715127314072,1643,15.316452912627604,76.51743528186257,0.0748663101604278
1.4591932232429183,77.63112437633674,69,12.883457407666507,77.62242660519534,0.22727272727272727
4.64945457792957,52.184923023925926,243,18.574772391597786,79.95773995480235,0.0748663101604278
153.7,363.1,819,25.56728469,91.90642696,0.9926739926739927
26.25010929509517,152.29856196104015,155,10.39773653376633,76.97591691520233,0.22727272727272727
6.703159066773235,17.59368186645353,31,11.460952628165188,77.85019561597692,0.0748663101604278
78.7,133.0,536,25.533595,94.133345,0.9926739926739927
14.1,141.7,1652,30.7292,78.4396,0.8275862068965517
0.4115411255517679,30.176917748896464,23,17.09685020977156,78.42312416140804,0.0748663101604278
5.93979221617526,62.9859949398825,248,19.54565196527175,84.86063072698788,0.8275862068965517
0.0,34.4,1114,23.7705,92.5217,0.0748663101604278
19.7,130.79999999999998,278,25.6623,94.1072,0.8275862068965517
38.9,268.1,183,14.52203442,74.41035052,0.9926739926739927
3.5930033301871838,36.810968087902936,1,18.993073250512072,73.50258346444703,0.0748663101604278
75.2,184.7,19,26.1978,91.7665,0.9926739926739927
9.132429322391356,40.82928731408684,2422,32.66029443393079,76.68564974372039,0.37681159420289856
24.29061205955459,199.837107833415,138,10.740186661674743,76.55865895114162,0.22727272727272727
5.535151412504618,36.11013085761587,23,16.85143476995466,78.19629931530437,0.0748663101604278
0.19666786637102818,0.7304806465209617,79,18.048068023383394,79.08305307977821,0.0748663101604278
118.5,413.3,159,26.1049,91.7369,0.9926739926739927
66.6,189.2,1332,30.241,78.9,0.9926739926739927
20.3,39.3,155,33.0829,74.8333,0.7857142857142857
16.7,33.3,1838,31.2403,77.9258,0.37681159420289856
6.937565812179454,33.253959782313814,2362,32.78809401534609,76.47051093718655,0.0748663101604278
9.882901476985035,87.80428984886073,244,17.75595776850003,81.39736841003608,0.22727272727272727
51.4,167.1,737,27.0165,88.2476,0.9926739926739927
4.298806332691921,23.067211853295802,466,20.282052159691347,76.0886537552934,0.0748663101604278
7.3276785097229435,40.67768196523813,292,22.0664188916591,87.7070420025932,0.0748663101604278
43.5,203.5,1345,30.2835,79.2498,0.9926739926739927
111.0,114.8,243,32.2108,76.2833,0.9926739926739927
40.54643797053635,52.656648782270295,619,33.956943021592245,74.16436991520737,0.37681159420289856
0.002685656306661288,0.007643791026651581,3,19.633804634031296,82.34578335851445,0.0748663101604278
0.4,2.9,2034,31.6891217,77.27867699,0.0748663101604278
38.1,116.3,250,26.1665,91.7049,0.9926739926739927
108.0,136.2,1429,10.25289358,77.48190281,0.9926739926739927
38.5,309.2,617,30.070512,80.237218,0.9926739926739927
0.0,1.2036086176696799,175,20.32048580096528,80.69007713244068,0.0748663101604278
6.073363143462465,68.16670274453394,274,18.326460577324152,82.13439882395228,0.22727272727272727
68.5,303.6,1196,25.3833,94.1884,0.9926739926739927
4.154487464721041,46.62947124582422,239,18.645756511811285,79.21387914584673,0.0748663101604278
172.8,347.9,2227,30.8183,78.6186,0.9926739926739927
20.9,146.9,2570,30.9111,78.6814,0.8275862068965517
0.1,88.19999999999999,1561,25.426,94.6024,0.8275862068965517
5.4790378007250515,16.915786858694773,879,32.66014085837922,76.55590367966998,0.0748663101604278
39.5,166.4,204,10.2288,77.4767,0.9926739926739927
5.0,38.8,1361,30.2414,78.908,0.0748663101604278
8.393626172496514,39.01178739592989,2606,31.95636530996701,77.50985300741533,0.37681159420289856
1.7,1.7,1392,34.0786,74.3836,0.4444444444444444
0.6474035527849338,2.4046417674868974,66,24.9086311392444,91.4136767955098,0.0748663101604278
12.2,118.4,1854,33.1445,75.5469,0.8275862068965517
9.5,145.1,1783,25.6237,94.1136,0.8275862068965517
20.723126550891077,111.19941523690915,622,26.059211402593256,86.50198331908709,0.8275862068965517
19.53131659146104,96.89065724856844,2092,32.67605156662777,76.05290023331146,0.8275862068965517
0.03325667375121588,6.945515414446129,1703,15.008517301281788,76.67143740338952,0.0748663101604278
2.2333419628641575,2.746306124373068,230,26.01294411500269,91.71422423259932,0.0748663101604278
109.8,404.3,1595,28.9986,94.8885,0.9926739926739927
1.92187297303491,2.7735786241067775,190,25.158673370978555,92.72481300149215,0.0748663101604278
52.4,309.0,257,26.10035658,91.87351723,0.9926739926739927
158.1,554.0,1419,24.1419,94.1078,0.9926739926739927
8.394180290885679,13.17313761413578,386,23.568889021336403,81.15245271603841,0.37681159420289856
54.0,539.1,1727,26.8826,88.2806,0.9926739926739927
28.140416424304654,235.37666860556277,113,12.567667388073692,75.07152371148692,0.22727272727272727
10.1,10.1,1893,33.0289,74.9489,0.37681159420289856
91.5,241.2,21,27.10647226,93.65975252,0.9926739926739927
49.1,133.8,300,26.3335,94.5512,0.9926739926739927
0.0,0.0,61,20.83341,86.035008,0.0748663101604278
0.5585293712157962,5.166396683746113,51,11.693270606072598,76.75803456585079,0.0748663101604278
5.768242459009965,30.95214357792156,832,32.770810421662574,78.0849802987095,0.0748663101604278
15.1,35.3,1191,34.1619,77.5528,0.37681159420289856
37.2,144.9,125,24.02515388,91.49747518,0.9926739926739927
0.0,23.32269884640761,563,30.570133209399366,74.89277262648383,0.0748663101604278
14.1,123.2,161,16.5332,80.6103,0.22727272727272727
1.2584379203928733,1.7073546991643063,201,26.005961956476916,92.45594831441107,0.0748663101604278
21.351119604126833,94.26720802768767,2391,32.696743876579774,76.46940730752331,0.8275862068965517
15.2,139.6,427,26.16066111,91.85294885,0.8275862068965517
0.1658543936342329,12.162471062883032,25,12.278590794284511,78.21381592241248,0.0748663101604278
7.5,66.2,459,30.9058,78.0906,0.8275862068965517
57.9,293.5,371,25.67295037,94.10513917,0.9926739926739927
5.0,257.8,1048,25.77171292,93.93507183,0.8275862068965517
27.0,98.8,64,17.414895,78.433758,0.22727272727272727
2.6202976061836702,24.74768039647139,222,23.629257833333103,88.89207305912902,0.0748663101604278
19.9,132.4,2205,30.8203,78.6185,0.8275862068965517
44.6,428.1,512,27.82743132,93.62407259,0.9926739926739927
0.2314071583489612,9.620349746966967,7,25.387145150080105,79.7753543052272,0.0748663101604278
0.7959498022335212,2.532567552561204,921,33.98876488262988,75.20155765006562,0.4444444444444444
0.17891044537881828,9.166962592463323,2169,33.14365988689444,75.80167039957014,0.0748663101604278
0.20437424912037902,5.854354225663819,9,25.60961469565532,79.64244420190596,0.0748663101604278
131.3,250.6,405,25.3056,93.1265,0.9926739926739927
29.9,305.9,1664,29.3802,79.4633,0.8275862068965517
125.4,288.4,133,15.3739,73.8911,0.9926739926739927
15.1,35.3,668,34.1114,77.5874,0.37681159420289856
48.9,141.6,478,27.059,88.4694,0.9926739926739927
4.2954616435651145,79.4861895719949,68,12.844587161148104,77.51742751181213,0.22727272727272727
9.2,230.2,861,32.0275,77.3446,0.8275862068965517
0.0,0.0,77,17.242492901910158,77.83328705547183,0.0748663101604278
0.4501146652064234,1.198884599499186,27,17.06241857460984,78.32193524553276,0.0748663101604278
0.7078475723704827,31.536814396005184,595,33.05331440290201,75.6311785236326,0.0748663101604278
30.126516517565992,176.57404076935106,141,11.688112173926188,75.86255464002139,0.22727272727272727
34.9,264.7,2,26.1619,91.7697,0.9926739926739927
54.9,203.3,924,24.32420539,93.15020652,0.9926739926739927
1.6326514741685108,5.194800145081624,953,33.307981977765614,75.65084731214716,0.4444444444444444
191.0,328.3,873,29.5987,79.6592,0.9926739926739927
22.3,434.5,186,29.5829,80.2182,0.8275862068965517
25.4,120.2,1380,25.4786,94.1327,0.8275862068965517
14.6,336.1,334,15.2932,74.1447,0.22727272727272727
33.1,152.2,1158,26.0101,94.5282,0.9926739926739927
2.0,8.1,2293,32.36079826,77.23083056,0.0748663101604278
16.7,254.8,463,25.8702,94.7844,0.8275862068965517
6.6,46.9,653,27.322,88.6087,0.0748663101604278
0.6693528842338423,0.8823288019446105,204,21.227389356170054,79.31387381246454,0.0748663101604278
29.1,97.4,31,24.808,93.117,0.8275862068965517
41.3,132.2,1669,26.84850975,88.26181745,0.9926739926739927
0.21877659805693386,13.539361501732397,1582,11.347396340397168,76.80330463576057,0.0748663101604278
0.28135163952646947,2.3009654568046214,75,19.28457613732983,81.5920373966948,0.0748663101604278
26.6,229.5,3196,30.7386,79.4954,0.8275862068965517
45.3,142.3,273,9.49739318,76.8696375,0.9926739926739927
36.4,99.2,378,26.1016,91.6906,0.9926739926739927
32.1,95.4,396,25.658708,94.098536,0.8275862068965517
0.16573526103157715,0.471708050628335,4,19.136799960715447,81.84360150028523,0.0748663101604278
94.9,130.3,941,9.8957,76.9346,0.9926739926739927
20.5,171.6,771,26.3186,94.5121,0.8275862068965517
6.3,25.8,2692,31.5639,77.9798,0.0748663101604278
1.7803059237918073,5.664609757519386,958,33.18784283080035,75.73013437467048,0.0748663101604278
25.963226354880184,150.83455394160657,166,12.088571014402497,75.9364166561301,0.22727272727272727
1.161151213421376,1.161151213421376,408,26.914822997483377,76.96800679043963,0.0748663101604278
0.0,15.7,1526,34.58916028,74.24641226,0.4444444444444444
4.947437955437005,5.63817912084464,360,27.61544811367129,85.57397338060693,0.0748663101604278
27.6,135.6,83,13.92958382,75.60098321,0.22727272727272727
5.4,191.1,2265,33.3308,75.1774,0.8275862068965517
44.9,88.3,671,11.51185539,76.01854791,0.9926739926739927
139.5,707.7,821,23.899,94.1434,0.9926739926739927
5.751270573733022,59.957080551310554,245,19.85934359955597,85.31227225871571,0.8275862068965517
0.1130266367178418,6.564552150354752,2140,33.02888370382615,75.7753363118293,0.0748663101604278
0.0,17.235039410966905,1784,24.28039618993961,77.1085025549809,0.0748663101604278
3.7568561498838076,39.50026377814013,1,19.206936444811713,73.12321071943357,0.0748663101604278
12.224819852015047,22.116463274178486,2061,32.94050415900277,75.59951221590283,0.37681159420289856
16.827247705353663,103.13251973379865,105,18.12418684708992,82.4823098221379,0.22727272727272727
29.4,120.6,1199,24.3069,93.125,0.8275862068965517
142.5,256.4,369,26.1226,91.7162,0.9926739926739927
27.9,45.3,44,33.33819588,75.19229171,0.7857142857142857
0.44055049705317634,1.6363304176260836,70,26.079951342543744,86.8975131305914,0.0748663101604278
116.1,160.2,1341,24.9667,93.55,0.9926739926739927
231.0,703.2,630,9.88032214,77.00665997,0.9926739926739927
42.3,280.6,2705,27.54043014,88.49888236,0.9926739926739927
4.645987875012949,42.198871858541374,229,21.698484886550677,87.96019938567757,0.0748663101604278
85.2,782.2,436,26.8992,88.1667,0.9926739926739927
36.4,97.9,864,11.90505908,76.00043563,0.9926739926739927
15.9,186.9,357,25.118398,92.853913,0.8275862068965517
0.0,0.0,757,25.0318,92.4584,0.0748663101604278
41.1,153.3,248,26.1771,91.7599,0.9926739926739927
38.02073508521899,122.18790043295094,2043,33.27614556835096,75.20757214184249,0.9926739926739927
1.0427912527627194,1.0427912527627194,410,26.084591557779483,76.60054977213717,0.0748663101604278
120.5,261.4,2151,32.2239,76.3226,0.9926739926739927
0.0,8.439941546064695,27,13.91723769250563,78.25498835488547,0.0748663101604278
7.960835644058953,86.62473021894813,90,15.567790782680376,79.98156142325068,0.22727272727272727
8.2,23.4,314,11.86842559,75.95230556,0.0748663101604278
67.0,606.1,1845,27.1344,88.4575,0.9926739926739927
0.20520341118270927,0.7621840986786345,62,21.94074330481065,87.94838089023179,0.0748663101604278
23.485080065225524,113.35151823964848,120,20.348454319928713,84.56817573389336,0.8275862068965517
16.090677060980656,86.34188839956003,725,29.43230249155983,84.0098042148917,0.8275862068965517
0.0,0.0,77,27.19638975362755,78.83796654660259,0.0748663101604278
0.1553728239193113,0.2048096315300012,92,16.21014676461952,75.22913838775747,0.0748663101604278
0.1,0.5,229,16.5145,80.6526,0.0748663101604278
24.3,104.4,781,34.258,75.4189,0.8275862068965517
88.4,162.4,804,15.6365,74.1158,0.9926739926739927
1.2783640110899948,1.6851161964368113,200,23.034198307685337,85.08556736707246,0.0748663101604278
95.5,436.5,70,26.14547804,91.79364785,0.9926739926739927
170.8,323.5,226,11.19838929,75.89666866,0.9926739926739927
0.26131652139582706,0.9706042223273577,62,22.243544878221975,88.47159492088342,0.0748663101604278
0.21228398424509454,1.6270634488277356,171,22.522330068071437,87.12488558754052,0.0748663101604278
0.0,9.850045820915248,1917,30.535918542787925,77.2617506652152,0.0748663101604278
2.874628423069482,13.739029997316344,204,24.645948287497852,92.20384741331155,0.0748663101604278
6.3,62.3,927,31.34335179,76.76200671,0.8275862068965517
0.0,0.14255160678441392,62,20.485291509243535,85.23296459997489,0.0748663101604278
5.255178758481893,12.071795038786671,25,12.546168327974895,77.98475205345255,0.0748663101604278
0.8871369562094316,1.0331215186236413,220,19.946406589542832,75.10311472207367,0.0748663101604278
42.8,153.7,669,34.08230448,74.03099028,0.9926739926739927
85.1,168.39999999999998,340,26.1097,91.7747,0.9926739926739927
0.0,7.244576468670937,1970,31.96002518720334,77.00542762950087,0.0748663101604278
9.646634388866323,50.91556189621936,1985,32.21559256195579,76.67341812563419,0.37681159420289856
118.3,180.6,25,11.50340214,76.13474585,0.9926739926739927
47.4,324.6,206,19.1095,72.8929,0.9926739926739927
2.79779119775902,31.402074339026615,356,18.565661418670157,77.4037539023142,0.0748663101604278
0.0,2.1,82,15.7051,74.2197,0.0748663101604278
12.9,63.5,756,30.65160517,79.52008976,0.8275862068965517
0.0,1.0546095216956095,81,22.111601314542074,75.7426845853926,0.0748663101604278
110.9,554.8,2,15.3455,73.8976,0.9926739926739927
0.6036108991256279,29.792778201748746,23,16.924798190323216,78.40563386606223,0.0748663101604278
0.2775799476248891,0.39654278232127016,206,21.97978247873891,80.37637816978805,0.0748663101604278
34.90191694152419,81.36461003270836,634,31.4276086090273,79.39506205459584,0.45454545454545453
18.9,52.8,245,11.683,77.571,0.22727272727272727
0.08807193373835642,25.54231723466984,1528,21.061331672377143,76.30244091357443,0.0748663101604278
16.33538489791883,28.70073960435355,30,10.986907946415965,77.42307276316515,0.7857142857142857
26.2707305218099,163.63904217285148,150,9.993523685700254,76.94750305885056,0.22727272727272727
22.6,51.3,43,19.1209,72.8406,0.7857142857142857
1.0333184673733906,69.39175536471905,61,13.865815889850865,77.79061220296228,0.22727272727272727
0.9155629860226203,0.9155629860226203,412,25.192153722561784,76.20556045919767,0.0748663101604278
29.8,31.1,1756,11.339839,76.841106,0.37681159420289856
17.5,136.2,2231,34.2689,75.1495,0.8275862068965517
42.1,158.2,966,31.1838,76.9907,0.9926739926739927
97.3,383.2,2030,27.7,92.8,0.9926739926739927
25.3,84.5,80,10.26805833,76.34859138,0.22727272727272727
16.0,189.1,1128,31.0931,77.1675,0.8275862068965517
0.0,14.517656830375415,511,26.11520644775152,74.31528482371569,0.0748663101604278
0.18847026166456665,0.26924323094938096,207,21.100748397324132,77.99885689623045,0.0748663101604278
0.2442077865800967,0.3488682665429953,206,21.65057845773162,79.4859808804977,0.0748663101604278
0.0,1.9839372468119616,80,15.988531322762737,74.87270817916412,0.0748663101604278
0.16459790314465064,9.716783225157204,2137,32.92971639449686,76.0723836884425,0.0748663101604278
20.3,208.2,129,26.1768,91.7702,0.8275862068965517
12.4,117.1,208,16.5157,80.6525,0.22727272727272727
41.63988400912377,70.2795903006532,1992,33.20163235052671,75.28515310201335,0.45454545454545453
24.7,276.1,878,15.9517,73.9958,0.22727272727272727
0.5016273200477446,7.532188863770826,4,26.649628129285013,79.86224949714746,0.0748663101604278
0.6298798807483278,1.8958304481685746,19,16.60013903028164,78.35342215241201,0.0748663101604278
105.0,115.6,27,31.09793945,77.15163968,0.9926739926739927
30.891429571724434,181.87827391540057,137,12.00970168518762,75.60257197851537,0.22727272727272727
39.023732436586386,116.07439276747347,2035,33.27074848736503,75.21244384326342,0.9926739926739927
36.6,174.5,1194,27.10350855,93.64513257,0.9926739926739927
38.1,116.3,380,26.1309,91.8383,0.9926739926739927
17.5,84.4,206,19.0997,72.8974,0.8275862068965517
9.4,9.5,71,15.4951,73.8288,0.7857142857142857
0.22607939002826793,6.4548631241154135,8,26.474529635815962,79.77901466754555,0.0748663101604278
15.716637825661156,36.40563954348077,2062,32.272063906365055,76.60181940108633,0.37681159420289856
0.06278305054831093,1.9369977318366018,21,19.96743326223632,78.75154116646758,0.0748663101604278
1.954758329210203,14.203325340771316,29,11.552335899698575,78.08729635579265,0.0748663101604278
6.352713538814252,14.394910323823499,28,11.67673040356867,77.88335883990611,0.0748663101604278
18.95038821651387,291.0831801848823,95,10.976563613341753,75.85556443005326,0.22727272727272727
5.163419644612922,11.877571581097351,24,12.618857462695011,77.99322900707085,0.0748663101604278
4.256203395078753,9.56188159990295,19,14.560389782492646,79.69642969192266,0.0748663101604278
176.6,637.7,956,25.5728,91.885,0.9926739926739927
3.6187974050220078,5.038798969571388,397,28.08424170609602,79.16896545956428,0.0748663101604278
15.1,35.3,2052,34.3061,77.3265,0.37681159420289856
31.0,177.4,624,30.3056,79.3286,0.8275862068965517
47.2,137.4,1561,25.6633,94.4703,0.9926739926739927
1.1931725072077761,4.490523446662458,17,14.477577448815055,78.2816994132424,0.0748663101604278
26.7,174.2,1287,30.7395,77.2847,0.8275862068965517
41.50414897558872,53.91671837434478,629,34.06930941548165,74.0585703819951,0.45454545454545453
0.8895947706627427,1.1726476522372518,129,19.642534244470504,81.90510335468849,0.0748663101604278
0.6985162786295117,8.187993920995183,19,13.875791346625856,78.27784276192972,0.0748663101604278
45.4,104.7,1563,33.3645,75.1999,0.9926739926739927
32.96147330754443,42.81837322008762,583,30.846294212712877,73.88921011348619,0.37681159420289856
31.5,33.0,1631,28.1193,95.1645,0.37681159420289856
0.7,70.9,1002,34.6609,73.9593,0.8275862068965517
0.01582551989363737,2.7251080357986757,2097,32.85954963820671,75.73648453942909,0.0748663101604278
22.888028225653414,42.672304435389776,611,33.70251655602513,74.57710135160664,0.37681159420289856
6.7,336.2,910,29.5935,79.6805,0.8275862068965517
0.2949499015939491,0.4213570022770702,206,22.151130647760716,80.83982313244391,0.0748663101604278
3.1063462737866434,24.787307452426713,26,14.682901053970028,78.177729287113,0.0748663101604278
24.945681509174346,115.59337161873272,123,20.836416183032647,85.02577493404088,0.8275862068965517
8.734211838530133,11.095935996659389,330,24.504677950153535,90.6386990028823,0.37681159420289856
35.4,142.0,887,24.30415689,93.18182448,0.9926739926739927
0.9707440742125695,0.9707440742125695,411,25.579219365684892,76.37687411983195,0.0748663101604278
19.2,143.9,1289,26.1807,94.5497,0.8275862068965517
0.3693907763604099,1.3720228836243797,74,20.30012802263066,83.70847391048814,0.0748663101604278
206.1,475.6,436,27.05374234,88.42572376,0.9926739926739927
6.839040460129375,35.76585204837101,2317,32.03324598635422,77.26669713435619,0.0748663101604278
36.8,222.6,349,25.67061161,94.11844319,0.9926739926739927
0.7638250639150486,7.671312020637135,36,10.132582336581912,78.03721947713008,0.0748663101604278
15.1,158.1,44,26.8545,88.3372,0.8275862068965517
228.9,754.3,1187,23.9278,94.0906,0.9926739926739927
65.2,181.9,28,19.16260832,73.68550038,0.9926739926739927
8.5,21.1,33,11.374,77.8987,0.7857142857142857
23.680648806163386,195.74265112521272,129,9.477652222430066,76.50986326035506,0.22727272727272727
20.5,342.6,340,32.1002,76.2699,0.8275862068965517
0.07637435190842085,9.467899586642618,1664,19.76511441501231,76.41522251219892,0.0748663101604278
2.3472288046958147,7.468455287668501,980,32.72656562932986,76.03455899593196,0.0748663101604278
21.4,27.5,71,12.95406833,77.52013277,0.7857142857142857
17.8,140.9,1223,23.3572,92.7878,0.8275862068965517
25.48356840540741,175.44647391888884,142,9.570619228558687,76.9328711892466,0.22727272727272727
7.260369129335239,11.241815211833757,389,24.6409616476953,80.68151665835794,0.0748663101604278
0.7331056150956501,29.5337887698087,23,16.8087995770278,78.3938417928698,0.0748663101604278
135.1,319.29999999999995,1269,30.3797,78.5017,0.9926739926739927
0.0,5.9469062673822854,2000,32.17996744762595,76.68375331690794,0.0748663101604278
7.056202503852573,8.182085560203104,333,26.117606629680903,90.13713399440236,0.0748663101604278
34.2,256.6,1073,31.709,76.9312,0.9926739926739927
11.8,110.0,622,26.07821691,94.72071068,0.8275862068965517
71.0,151.6,597,33.08146902,75.29750088,0.9926739926739927
0.6349872171285628,0.8370286043967419,204,21.125433591796508,78.98818501864027,0.0748663101604278
45.2,202.8,278,26.1147,94.3864,0.9926739926739927
11.8,216.9,1525,27.0816,88.4397,0.8275862068965517
1.2322257378840538,7.998466406300996,36,10.112472457298583,78.01424293026957,0.0748663101604278
15.526266325295525,77.21059911459874,2134,33.23818986660272,75.51604191154463,0.8275862068965517
1.3313427338289996,34.08310948886716,15,18.105495020879204,76.57022610188285,0.0748663101604278
0.666392740538775,1.4971014992925902,5,18.84636592118554,81.93795124555476,0.0748663101604278
0.17738263072347876,15.532812870037064,1686,20.33244483153039,76.15082458085692,0.0748663101604278
2.33857483634059,5.389714020372267,28,15.370742547396862,78.17689651937218,0.0748663101604278
1.3067360567367414,8.503302568311035,210,25.35135891735052,90.77648656527309,0.0748663101604278
68.4,191.0,184,14.9935,74.0478,0.9926739926739927
0.6514470893873842,2.5653193495624174,66,23.99308906279604,91.28975421095745,0.0748663101604278
0.0,6.778454600161133,27,14.632729058514876,78.27545803643159,0.0748663101604278
0.0,28.26406941421724,23,16.581883349417748,78.41913820780475,0.0748663101604278
27.050930178063737,127.56082357175063,135,18.802206840464954,83.55599000219414,0.8275862068965517
42.89429572314822,72.69430699601557,1980,33.151617912747376,75.36118194660057,0.45454545454545453
78.4,140.60000000000002,315,19.1355,72.9981,0.9926739926739927
67.3,84.6,303,33.9445,74.799,0.9926739926739927
13.029982433853915,16.92650828129827,809,34.464361865770826,74.54226899634669,0.37681159420289856
5.974336667349593,13.458116987816902,31,12.113839794462434,77.89766041333556,0.0748663101604278
56.3,183.8,1292,30.3799,78.4862,0.9926739926739927
7.204500815195771,16.197860058831047,31,11.001967129653547,77.80466844142586,0.0748663101604278
0.016028876717447904,2.733140630339192,2097,32.85990390612947,75.73656582216834,0.0748663101604278
0.0,1.8073522444470693,81,17.49854299528021,74.6460459730184,0.0748663101604278
80.7,279.1,608,25.67836832,91.9234343,0.9926739926739927
0.2015678230796185,13.237627753910845,2051,31.770215922354563,77.30048997981233,0.0748663101604278
5.6,147.79999999999998,234,19.17041801,73.02151508,0.8275862068965517
47.4,47.4,1254,25.19640994,93.13430585,0.37681159420289856
19.6,346.3,489,25.132228,93.04681,0.8275862068965517
2.5,2.7,139,24.7339,93.9161,0.0748663101604278
16.295720457784515,102.31668721427391,104,17.946612720288332,82.31578496735844,0.22727272727272727
0.8,7.399999999999999,37,10.0545,78.0298,0.0748663101604278
10.890244901932517,48.25942658568,2449,32.19438153531999,77.24314438928896,0.37681159420289856
1.0884447806147144,2.394747627552143,175,23.33128280537618,89.44283772652747,0.0748663101604278
0.17155478863668439,1.9255104635042812,209,19.216956020499303,73.2281329348663,0.0748663101604278
23.7,224.2,2571,31.0343,78.7248,0.8275862068965517
55.0,190.2,123,19.6241,72.9084,0.9926739926739927
39.92598787950155,51.87217534239901,648,33.988138528758,74.20949488068429,0.37681159420289856
39.2,193.3,1005,25.4196,94.1054,0.9926739926739927
6.6,21.4,126,19.1646,72.9325,0.0748663101604278
0.5914127176786181,1.139612220127491,197,25.339831749932383,90.64009841915166,0.0748663101604278
50.0,402.3,101,15.5063,73.8362,0.9926739926739927
0.05271115287505543,10.587512844314801,1841,32.19613056197424,76.86719209692568,0.0748663101604278
36.4,131.2,647,33.2504,75.2102,0.9926739926739927
50.2,309.8,612,27.0875,88.6556,0.9926739926739927
8.4,26.1,407,32.99,75.1892,0.37681159420289856
71.7,161.2,183,27.04768643,93.61899644,0.9926739926739927
32.46188399201273,189.42240640342163,126,13.686039106417168,75.87227688052575,0.22727272727272727
15.1,60.1,213,33.616,77.7652,0.8275862068965517
108.9,224.2,231,19.17377751,72.88274367,0.9926739926739927
88.3,253.4,722,18.241,73.4469,0.9926739926739927
33.69594528450805,148.54852398014143,2078,33.29941705632622,75.18656601995332,0.9926739926739927
0.5779387827165844,1.7559890303908041,20,16.671509045635702,78.3536763897032,0.0748663101604278
0.2660285862477734,14.071286381149804,2102,31.893056437586505,77.12641408742357,0.0748663101604278
14.4,34.8,164,32.2473,78.037,0.7857142857142857
0.0,0.0,892,34.63639,74.77415081,0.4444444444444444
54.4,214.6,959,23.83291945,92.63125938,0.9926739926739927
34.8,269.0,580,19.6699,73.5111,0.9926739926739927
46.6,131.9,586,31.5168,78.0976,0.9926739926739927
30.7,221.2,674,26.9310409,88.29964797,0.8275862068965517
0.0,0.0,82,24.685039045120142,76.25025663531163,0.0748663101604278
73.6,440.8,172,15.5935,73.9434,0.9926739926739927
0.6595964778092696,76.2950296266435,72,13.005849977737943,77.61031587644919,0.22727272727272727
9.2,130.9,206,19.0402,72.9089,0.8275862068965517
6.931500552700787,19.267228576245927,34,11.034878891734486,77.78609660940084,0.0748663101604278
0.3,6.5,1610,11.3464,76.8076,0.0748663101604278
7.54418499119294,11.500776032641511,1032,32.10855307706188,77.21516229883149,0.0748663101604278
0.3062324454166103,0.43747492202372906,206,22.262428768030055,81.14085087896932,0.0748663101604278
3.1335891412308916,38.25673274811364,4,18.97186000551192,74.01121595373753,0.0748663101604278
10.7,98.0,330,10.9654,76.5516,0.22727272727272727
20.3,208.2,235,26.1963,91.8074,0.8275862068965517
0.0,0.0,81,25.563600312834136,76.48264839912387,0.0748663101604278
0.04510578279677657,1.2779971792420026,2,21.112162268963324,82.03682212042243,0.0748663101604278
2.6,12.0,998,30.5631,79.5765,0.0748663101604278
19.2,168.0,1437,27.1954,88.6115,0.8275862068965517
104.9,303.20000000000005,1089,26.99195749,88.42280921,0.9926739926739927
29.5,91.3,548,14.8937,74.5828,0.22727272727272727
6.971542650460872,8.118758529650634,335,24.72516156306396,89.77705294611685,0.0748663101604278
29.1,64.9,699,32.2934,77.1803,0.8275862068965517
27.086584704522316,121.2677996518115,130,20.803234597723932,85.11436240122221,0.8275862068965517
97.3,498.3,279,16.94057232,73.46476377,0.9926739926739927
15.822132462135528,82.45184892857867,562,28.072700719877464,84.78049267754966,0.8275862068965517
30.740674785900588,143.46972933455194,2085,33.27273960820684,75.21863136846157,0.8275862068965517
45.6,160.3,1157,23.7327,92.7463,0.9926739926739927
0.26679933735291533,11.399004969853134,31,11.205395014955599,78.13915942258387,0.0748663101604278
24.556118431641984,141.35633384481557,175,16.152110611900838,75.44675350251264,0.22727272727272727
0.0,7.3,2295,33.38247258,75.7228768,0.4444444444444444
3.1742395718073473,48.50180716730722,56,12.141806156653578,77.68669105415145,0.0748663101604278
0.6744152325063335,2.5817251660759526,65,24.285299623045223,91.89159502742989,0.0748663101604278
44.0,221.0,536,26.9978,88.167,0.9926739926739927
25.56813353401267,121.08630280947834,2053,32.960615967787135,75.65272857213682,0.8275862068965517
6.115444932554185,65.80814858303722,250,19.253373652004615,84.4398192973302,0.8275862068965517
15.7,87.8,902,24.7505,93.4221,0.8275862068965517
0.0,0.17787365260895857,24,17.70640434864846,78.79876111351368,0.0748663101604278
0.0,18.659250879793326,1869,32.560443939288504,76.22978962114254,0.0748663101604278
24.0,279.4,691,9.61891211,77.14082618,0.22727272727272727
0.11692376226445265,0.4342882598393956,61,21.464362357628744,87.12523722987142,0.0748663101604278
0.02296736494784071,27.23344178560348,1769,33.340141030218305,75.25582032688673,0.4444444444444444
1.0067300335452338,20.394124443577414,20,13.771137810635572,76.83508557488324,0.0748663101604278
0.0,27.02976033330731,1808,33.21010459200269,75.36326329835387,0.0748663101604278
1.3,3.7,12,15.67935597,78.3501421,0.0748663101604278
41.7,284.1,1742,26.90298048,88.29518925,1.0
44.6,109.5,455,10.16699483,76.75872389,1.0
146.3,314.3,92,18.7828,82.7935,1.0
29.9,305.9,1664,29.3802,79.4633,1.0
20.9,68.69999999999999,362,18.7591,73.3852,1.0
14.3,31.6,1673,33.0271,75.0018,1.0
41.7,134.3,23,18.7833,73.4703,1.0
137.3,450.7,723,14.229,74.8122,1.0
0.49067839202138397,1.822519741793712,70,21.881545262827387,86.95648695068007,0.0
9.0,88.8,961,30.5589,77.2889,1.0
43.0,121.5,1423,30.41288197,78.08379453,1.0
7.54457771013741,42.208331609593415,2157,33.2080937746685,75.66918293408746,0.0
11.6,266.3,15,26.1964,91.7652,1.0
11.120424547796933,61.33786818056495,2097,32.28116726477521,76.60038572571821,0.0
40.54242182865041,53.5268000238353,625,34.05912390325,74.06663905998585,0.0
26.9,154.2,158,10.3316,76.9592,0.0
34.1,232.0,1652,30.73,78.4378,1.0
0.19424346473733223,9.772616857124621,2176,33.170371539918904,75.80779908407284,0.0
0.0,2.015303295102851,113,17.924000367269446,78.85130839300332,0.0
223.3,405.5,1641,33.5405,74.3723,1.0
0.052499750378050325,8.819998003024402,2005,32.1359450757924,76.90288582212537,0.0
3.1370271582371245,23.78141153848086,358,26.46324954833172,79.74961945620622,0.0
57.8,136.89999999999998,78,9.8988,76.3902,1.0
5.3,117.7,1364,24.9829,93.5063,1.0
35.7,74.5,236,19.17066427,73.02142667,1.0
32.9,153.4,2085,33.3037,75.1827,0.0
13.9,106.8,223,27.0136,92.6351,1.0
0.5433498557805327,1.405790090910223,27,16.978898816450403,78.3147745367813,0.0
63.1,109.4,765,27.125,93.7145,1.0
5.723162229236598,23.442493612374836,2699,31.826171820141425,77.87631233108652,0.0
102.5,140.4,748,33.36011691,75.17291044,1.0
25.01367812474933,182.49482812876002,136,9.318169714135923,76.9241368089055,0.0
2.7,6.8,209,34.0968,74.4117,1.0
1.4,21.6,37,11.28965,76.94171,1.0
136.0,267.0,263,18.7734,82.8555,1.0
76.9,168.0,59,18.9774,72.8102,1.0
17.56012152803344,317.55058285866517,87,11.794069304068763,75.52552865455314,0.0
20.387145331081836,242.63956365215446,128,13.427945955784956,74.82597994759219,0.0
0.0,23.556706221044443,1833,32.940550317676276,75.72279850053704,0.0
24.7,233.5,999,23.65637182,93.02746602,1.0
28.9,147.2,1483,27.0771,88.482,1.0
59.7,121.9,720,25.73318099,93.99655231,1.0
7.941772730810219,11.663930441525197,1008,32.399417143548106,77.14787912886199,0.0
44.59547566043211,75.27016951401276,1986,33.234791807928346,75.25520555587336,0.0
0.17460609641685476,14.613052880369729,26,12.126392090053915,77.95821222005573,0.0
19.9,58.3,698,33.17191499,75.81074366,1.0
11.1,93.0,404,18.7631,73.3471,1.0
98.8,522.8,666,17.9031,73.4361,1.0
0.44308342752105667,4.098521704569773,58,12.476758933699909,76.15000964189652,0.0
60.2,209.2,247,27.0987,93.816,1.0
19.2,86.7,240,25.06657276,93.9310888,1.0
22.05422047075072,76.94134097271665,54,12.35860664358819,76.88749122553251,0.0
85.1,168.39999999999998,424,26.1001,91.6849,1.0
25.96714073937609,252.7628740849913,108,12.420742877756291,75.15453730564307,0.0
19.636129729365653,92.40232304112534,2087,33.11352270869107,75.4034120107748,0.0
0.0,7.837979311654092,810,34.25375496963157,74.90151498113137,0.0
0.04795442802206268,10.390108762915602,1850,32.15715187888871,76.90551297942854,0.0
42.7,159.2,1085,9.7268,76.8081,1.0
5.685171074716903,19.62965785056619,30,12.372844627351133,77.94289583792363,0.0
0.8446928878240012,0.8446928878240012,413,24.695038115797743,75.98553913757887,0.0
52.5,316.7,78,26.74452462,88.40011959,1.0
12.5,164.5,2714,30.7204,79.0758,1.0
28.7,148.29999999999998,1055,23.7269,92.7265,1.0
19.80531792415369,104.41550467526851,727,27.813655569658007,86.11042642435861,0.0
0.02999440744556847,8.2100354195114,1910,29.72279372238326,77.2434259091468,0.0
0.337249453678163,10.422325938735344,2354,31.677697035827,77.66388145541295,0.0
29.548252403122355,176.10330965481393,147,13.876574766322271,74.54284335815578,0.0
113.2,354.8,216,10.1160933,77.1496325,1.0
7.3,111.2,611,25.16,93.686,1.0
19.6,26.6,1960,33.0107,74.9397,1.0
6.6,19.7,3117,32.3665,77.0857,1.0
73.4,144.9,546,12.4869813,75.74569636,1.0
5.044893447094804,11.626691129684001,24,12.712750770683583,78.0041787758355,0.0
7.8193859833708235,11.282026526038576,1030,32.20065124836353,77.22201672147594,0.0
4.290653193574344,47.94798568736229,51,11.934689540358976,77.70649546901716,0.0
26.21597260703677,156.41256540521726,169,14.823017962042307,74.21166018660391,0.0
4.9,106.7,405,32.9918,75.1945,1.0
18.4,77.3,317,19.1993,73.0109,1.0
2.2,3.5,1780,34.2946,75.4832,1.0
1.336620763670202,1.7619091884743576,200,23.207033938113796,85.63767570886141,0.0
24.95417050226761,148.95646205885404,177,15.181398437117311,74.0862542637822,0.0
9.4,86.5,3028,30.6594,79.5605,1.0
40.3,258.5,681,27.02149311,88.25902123,1.0
13.7,72.5,454,31.0766,77.3916,1.0
20.3,352.6,373,26.1062,91.8717,1.0
0.6572536038866441,8.49587695561504,19,13.752064140405773,78.27288292018352,0.0
0.14285758274362786,21.2142509632534,1540,27.102271196939903,75.99807273472983,0.0
0.0,7.894527402331654,1955,31.849864934335418,77.16654138521231,0.0
129.0,677.9,881,15.949,73.9667,1.0
9.5,32.4,1612,31.71456806,77.02239366,1.0
0.0,0.026720128438616708,61,20.768158046727123,85.8846715489039,0.0
0.44672339978864406,5.059542523599767,56,12.54978094644286,76.34727603191838,0.0
4.995179129093827,40.562205463333044,46,11.69861642743857,77.72741354504603,0.0
37.2,124.9,283,16.656,73.5178,1.0
34.3,102.0,202,16.5141,80.6055,1.0
0.12111903645538408,19.677564314453374,1721,24.45573652714618,75.84945988900327,0.0
7.227445438792244,11.18573333218001,389,24.67209257018648,80.66784158304168,0.0
22.0,159.0,1383,26.2363,94.8133,1.0
21.011389031691756,292.408887746466,95,12.08570881007883,75.34383439475761,0.0
14.5,61.0,1137,23.7313,92.7187,1.0
52.3,96.0,344,24.837,93.9128,1.0
109.5,161.4,485,9.8539,76.9468,1.0
0.0,0.0,80,16.500897565711586,76.139469616885,0.0
0.3208560497373931,1.191751041881746,73,26.757729700072744,84.28425846075943,0.0
11.4,82.30000000000001,452,23.73672831,92.7516868,1.0
29.414237122525662,138.11381050061712,2095,33.2905564353886,75.24957974401613,0.0
10.118839226026495,16.386478448117533,387,18.819565873358915,80.81521953438532,0.0
0.0,0.006139492876180208,3,19.57518222712723,82.23134035863153,0.0
7.5,45.4,23,19.3805,84.5699,1.0
16.6,105.1,170,12.8806,75.0327,1.0
39.3,87.0,34,19.0222,72.8663,1.0
0.0,0.0,81,26.80370768307965,76.81067417225837,0.0
59.9,289.7,260,26.20450454,91.87202793,1.0
24.2,74.0,1516,11.50032205,75.9902751,1.0
37.4,270.1,369,26.1028,91.8806,1.0
203.1,281.4,808,30.1642,78.2936,1.0
30.7,110.0,634,25.4976444,94.12901274,1.0
54.6,159.6,1050,25.1019,93.3729,1.0
24.3,75.4,75,12.8659,74.8852,1.0
287.6,480.9,239,10.3031161,76.87197005,1.0
10.3,72.8,3123,27.54295099,88.59676956,1.0
155.3,190.6,1720,26.8836,88.2791,1.0
118.2,554.1,260,17.5861,73.1742,1.0
35.9,62.0,1139,24.5958,72.7169,1.0
0.0,0.0,81,16.305220355614104,75.69253925659429,0.0
4.665647947689201,5.433412799840587,275,22.94850716236226,84.18718958966468,0.0
11.217804509136483,45.885398699289865,2620,32.14542287633194,77.47103987946623,0.0
0.0,0.07634904569394081,12,18.811175465933783,80.8280094535498,0.0
6.127025975205243,18.74594804958951,30,11.977040402055199,77.90265956042022,0.0
6.7,17.5,134,32.74103796,74.87509309,1.0
0.0,27.4916031841087,1793,32.29908966124083,75.27906547327495,0.0
61.0,202.7,713,27.0161,88.2478,1.0
36.633482317745475,130.64353634897998,2054,33.28361030943309,75.2008340569719,0.0
14.572989789290943,73.70639556960809,839,28.91501034321055,83.06260256996886,0.0
2.9293268804053727,20.183511980113774,1207,24.46963426274433,77.0214975394568,0.0
147.3,249.9,703,30.7351,79.0666,1.0
28.0,167.2,700,25.51614662,94.2341227,1.0
92.0,135.9,554,31.8795,76.9161,1.0
35.5,216.0,707,30.6326,78.9953,1.0
0.0,1.1861663798514945,81,21.30537703547676,75.55102503689635,0.0
6.670709549547399,12.195077024718735,1039,31.8162376670925,77.19340667288259,0.0
17.214950211355823,22.36296163819668,782,34.40910989576798,74.46779323068439,0.0
39.9,168.9,371,31.6916,76.5102,1.0
83.4,298.1,677,27.0678,88.456,1.0
55.3,223.0,818,29.5863,80.2186,1.0
5.582770118241692,61.3835904622556,248,19.745406995483172,84.64215936787244,0.0
7.471444664709864,9.705728356309699,461,21.507336690092266,73.48237708455297,0.0
0.1847020058520955,17.147349561092838,10,24.825657600512454,79.55867127931793,0.0
4.549367696711151,5.297997824018048,274,22.856120238291922,83.90763541928149,0.0
33.0,70.7,17,34.06830898,74.63364102,1.0
25.5,131.4,59,23.0137,91.7174,1.0
154.6,259.2,162,10.53762479,76.21576213,1.0
45.28924295329057,76.28409603108608,1982,33.229083016216514,75.25338610973142,0.0
31.00226615171472,182.6468620028742,136,12.05630029060452,75.56490026027048,0.0
24.40044852995986,203.0868904876903,121,8.928026857759757,76.72653260893934,0.0
88.5,205.3,624,27.0605,88.255,1.0
72.1,273.29999999999995,639,30.0705,80.2364,1.0
192.9,369.5,811,25.1775,93.0123,1.0
7.0,162.8,1071,31.70779,76.932771,1.0
8.4,24.3,116,34.1327,74.5594,1.0
5.874119381587576,34.288975997878374,1969,32.03906320667021,76.91526511650096,0.0
0.3664112072054199,23.305364648686183,19,16.962066776711495,78.42946691347356,0.0
14.3,47.7,2268,33.3307,75.1772,1.0
0.005466547695464918,5.027332738477325,1730,11.339874120475105,76.86793615948275,0.0
0.2,16.7,1554,33.40307977,75.68061125,0.0
97.1,274.1,1118,31.1032,77.1625,1.0
22.620108824151615,229.05351337759828,125,11.00175962661826,76.30223670450728,0.0
59.0,126.9,117,12.9141,74.856,1.0
2.074935229620697,6.602066639702217,969,32.94811748853294,75.88834357359445,0.0
57.3,304.3,690,26.56636244,93.13195098,1.0
23.553635728177895,212.72651679572198,132,10.855584872229478,76.44553308427531,0.0
46.5,51.8,1097,31.01260519,78.88449525,1.0
23.839706699940965,53.74958069444321,1894,33.28163685658454,75.22333937836851,0.0
31.137648472212003,183.58566071714225,135,12.113218569153263,75.51888580697752,0.0
13.0,23.4,580,29.7036,78.5658,1.0
182.9,742.3,1677,26.8867642,88.28044714,1.0
0.20815965187761987,0.27439226838413555,95,16.4569179871208,75.70910635347701,0.0
31.5,266.7,236,26.1844,91.7896,1.0
16.6,44.7,516,30.3299,79.3206,1.0
38.3,169.60000000000002,1322,26.1445447,94.24416766,1.0
103.5,399.9,378,26.1061808,91.85158907,1.0
9.8,126.5,1210,26.0093,94.5238,1.0
0.0,1.1532373200513226,72,18.017144056765524,79.54650603166621,0.0
0.0,0.2,27,17.46562972,78.35650524,0.0
13.8,303.5,329,25.195355,93.172758,1.0
4.82694360511441,13.660634570293674,1053,31.199206927316744,77.14748405123585,0.0
1.2767638848465621,3.637441228433052,12,15.71128371042351,78.35025583434906,0.0
53.6,167.5,901,27.1034,93.6885,1.0
16.155694344353925,36.99817157092012,2061,32.286272460704375,76.58180140038459,0.0
159.2,438.6,124,12.89674168,74.85970453,1.0
0.5729792753610204,9.102655434792347,34,10.54451630827219,78.07636193643465,0.0
0.0,9.839724616067144,81,15.41900988500061,74.5879639839139,0.0
78.0,193.5,117,12.89375619,74.85580684,1.0
151.6,215.3,58,31.10312666,77.20355516,1.0
1.2,212.6,158,31.46719805,76.2629766,1.0
74.6,153.7,306,34.40393623,74.26149296,1.0
0.0,1.97530593819946,27,16.70112412220496,78.33463329734558,0.0
0.0,0.0,208,19.241559,72.970312,0.0
24.3663018939845,192.20547159023252,129,8.970365509978864,76.9121032971347,0.0
33.1,119.9,1585,31.944,77.1179,1.0
54.1,68.2,932,32.94818322,75.12206351,1.0
54.6,258.8,125,12.89307458,74.88567317,1.0
85.4,207.5,723,33.3296,75.203,1.0
15.1,77.0,911,30.922325,78.681379,1.0
22.6,31.4,78,8.4951,76.921,1.0
53.0,117.7,78,11.2695,76.2227,1.0
52.2,161.2,336,24.95178179,94.20340026,1.0
3.6803787044367517,15.098729919530392,2729,31.707481509719102,78.02698344761284,0.0
40.1,211.1,1273,26.4205,94.9731,1.0
3.8,89.39999999999999,1194,33.775,74.0934,1.0
0.0516575953147792,0.19187106831203704,79,28.282085176701827,78.40692551919463,0.0
1.0,54.2,367,32.79349919,74.82127414,1.0
55.2,103.8,809,25.3179,94.0462,1.0
29.723936473073767,40.43803975430299,519,27.60049695071259,77.9428266526982,0.0
54.78520495458989,81.70163395693308,22,11.439995454482125,75.72329023286038,0.0
5.2963105347966835,54.94283438451685,298,21.504344722987703,81.74333895849361,0.0
87.2,190.5,974,27.08168565,93.60815652,1.0
0.0,1.501179373118387,141,19.79845657025178,82.77624992572643,0.0
0.3,87.5,80,8.742,76.8902,1.0
0.7992964796119301,7.366231021372641,37,10.156906538248629,78.1320369898351,0.0
7.824978088636392,33.41105112148219,599,33.39825267297877,75.01263707515793,0.0
4.3065371546050155,5.65557288978249,962,33.45603691485927,76.0504613517868,0.0
43.76978895258723,81.9398040665228,33,11.629402252753948,76.19603218454387,0.0
31.6,166.1,467,23.7365,92.7146,1.0
1.5691076504957593,20.96451025270906,2103,31.832740975960284,77.2221042553944,0.0
51.2,125.7,1728,27.3034,93.804,1.0
13.0,67.8,30,28.6809,77.1958,1.0
25.952529466109386,150.79612437824483,166,12.108633623563726,75.92473763449773,0.0
1.8584714589524327,2.7447597540692876,189,25.019658000808775,92.47514277974244,0.0
26.70779064915738,153.50947010993576,159,10.692099315802599,76.74934298320409,0.0
9.988297467555945,13.946130608081692,342,22.980937563688187,88.64780934824293,0.0
61.2,177.0,127,15.4014,73.8277,1.0
0.4881211597237613,7.597018433325946,3,26.835213455914545,79.88782998787039,0.0
47.4,262.9,1223,25.1175,92.8573,1.0
0.0,32.5,1508,11.35008,76.791735,0.0
177.3,325.0,257,11.41001301,76.24145818,1.0
83.5,206.7,83,26.1314,91.7548,1.0
83.5,206.7,366,26.1295,91.7056,1.0
126.5,541.0,117,25.82860033,91.876717,1.0
50.9,125.9,99,25.7238,89.9032,1.0
10.5,118.7,551,30.6935,77.4266,1.0
3.055751138990666,22.08351865540545,753,32.916688281664534,75.97341053654817,0.0
18.0,105.0,479,23.74253,92.73868,1.0
8.4,128.8,1431,24.8961,93.4957,1.0
1.432330940299519,4.429415382445619,422,30.333383107356564,78.00647066224296,0.0
1.6432474453579353,29.610321993916244,595,33.273385706968455,75.19137673970323,0.0
31.0,177.4,1589,30.262,79.2191,1.0
18.124246699926974,305.00949699743256,89,12.65243060623755,76.34476046545369,0.0
11.5,67.0,48,31.45206,78.401303,1.0
36.8,200.1,806,25.26049558,94.01914123,1.0
2.6490737657616914,3.4412608966712885,875,34.60141564606876,74.72700784319828,0.0
67.3,84.6,409,34.0096,74.5915,1.0
8.216573180091544,9.919484500208053,325,25.133619795274054,91.46046222707885,0.0
45.2,147.9,1110,23.73941422,92.71505961,1.0
5.962975937413772,12.75763451128649,1044,31.57938906080518,77.17577917358159,0.0
48.9,296.3,61,19.1287,72.8889,1.0
19.2,143.6,2038,33.334,75.7627,1.0
7.113112780597884,32.94166854723453,464,29.24867710237385,80.83076170737048,0.0
11.873627575714998,31.2192761530667,2073,32.147698095499734,76.77703461508497,0.0
94.4,545.7,49,12.82302425,75.62223576,1.0
117.1,237.6,1670,27.0377,88.3603,1.0
166.4,272.6,1449,30.4554,78.0973,1.0
21.4,135.7,794,18.7631,73.347,1.0
26.7,26.7,2268,33.3308,75.1773,1.0
1.1038155475026556,6.45477914631185,2126,32.794930811435215,75.84291585618297,0.0
48.6,139.7,969,33.6303,74.4838,1.0
0.26872385496124795,0.9981171755703497,74,27.052931976720863,83.14607114712464,0.0
68.3,367.9,586,26.9015,88.4719,1.0
39.1,181.4,506,12.41394132,75.71901706,1.0
138.2,505.4,758,24.416,94.0984,1.0
83.5,206.7,238,26.1985,91.7998,1.0
264.3,595.7,228,25.463,92.2121,1.0
100.2,177.4,954,31.8028,76.757,1.0
19.2,143.9,620,26.2083,94.5438,1.0
26.859483886128903,154.80774170806643,157,10.309832634948885,76.95844688131876,0.0
6.2,77.60000000000001,654,30.4043,79.3308,1.0
5.627052528252225,59.715895309679176,289,20.7447788016755,82.04872118378928,0.0
0.0,0.0,85,15.4838,73.8164,0.0
34.1,108.8,1253,27.01454392,88.43616784,1.0
205.0,337.2,435,9.70019589,76.87130509,1.0
16.375309247615988,102.43884675215477,104,17.973201968388317,82.34071974112474,0.0
1.3801625289929467,3.8696773530350708,12,15.615853342045305,78.34273647006803,0.0
11.345091198244525,18.37227455238106,382,18.825575909061417,81.71830141877852,0.0
15.6,88.8,1069,9.7327,76.8403,1.0
17.3,322.1,86,11.8348,75.4856,0.0
81.1,123.8,1703,26.88,88.28,1.0
0.003119563859289576,32.253554455116124,1508,11.694058705357065,76.77440389253151,0.0
3.091267935302274,22.007778017487926,755,32.91292820543378,75.98194782214622,0.0
18.408557453103086,87.51222490772862,775,28.819818415180695,84.56840167134582,0.0
118.8,460.3,280,16.94054188,73.46485294,1.0
26.834955225410596,155.17567161884102,157,10.296654561805713,76.9579909394515,0.0
5.024735151674491,56.39702737401817,246,18.520952732372717,80.52172997297072,0.0
4.853659387107115,52.366921087224654,242,20.70128331584612,85.68812947091259,0.0
49.2,62.400000000000006,1709,33.09846173,75.32835755,1.0
37.1,112.2,384,22.87370331,92.7581259,1.0
34.0,314.9,3135,30.6494,79.5269,1.0
56.7,279.3,2944,30.6521,79.5566,1.0
6.132577061452258,28.457905852994077,2654,31.832055204986926,77.72456479120339,0.0
0.0,17.1,372,24.6997,85.6285,1.0
37.9,234.3,1829,27.0366,88.263,1.0
2.626293865683885,3.05846880560655,391,21.01338907461628,79.54652212582465,0.0
75.2,257.2,1693,27.2879,88.2579,1.0
25.01904277553239,147.44248700839415,174,13.859439772112582,74.90554303629331,0.0
151.7,472.9,1247,27.14163897,93.66495709,1.0
36.5,404.2,254,15.7067,73.9551,1.0
5.218805268534917,15.544714493918457,30,11.170059280227662,77.90932353467399,0.0
0.967329998099546,33.24013262717789,17,17.930509021794318,77.08708788113793,0.0
9.2,22.1,2114,34.2952,75.3226,1.0
95.2,295.0,715,30.7313,78.4358,1.0
0.07491649192421124,12.838126310568416,28,11.619567437703614,78.17851458218863,0.0
23.6,203.7,121,8.55866825,76.89785918,0.0
175.9,274.2,737,9.82689429,76.92110479,1.0
0.7827877212405359,2.3075054033399045,17,16.390034982865934,78.35267371087652,0.0
33.0,196.5,126,12.8962,74.8859,0.0
7.6,123.9,2413,27.5754,91.9754,1.0
83.1,114.0,18,20.47818279,86.106255,1.0
3.9,171.20000000000002,1165,24.86388954,93.62191829,1.0
0.0,0.0,70,18.64164772742664,81.02898250697098,0.0
0.0,1.7678404311923714,82,15.670096708296606,74.15590954566662,0.0
29.319461280642553,174.75136211288782,149,13.941556644904773,74.52010464046023,0.0
0.34760791040160016,1.291115095777372,73,26.60624537821448,84.86832419125231,0.0
234.2,364.7,785,19.3421,73.7735,1.0
34.9,200.2,1563,29.393,79.4525,1.0
1.2857112206216783,1.667060001263578,214,26.09566927007285,91.67261674121505,0.0
48.0,221.4,326,19.0397,72.907,1.0
36.1,175.6,27,10.077,76.322,1.0
45.34461690075776,77.54709698585751,1984,33.23673610905783,75.24314528208939,0.0
90.8,183.0,286,27.104022,93.61156568,1.0
0.2088866327634419,13.212018053093113,1666,18.023666096722373,76.3195694680337,0.0
10.854085980002013,15.913831772731848,350,21.928986331636647,87.27335025817786,0.0
51.3,190.4,129,15.3904,73.8182,1.0
0.6,15.1,21,12.79630729,75.59507472,1.0
40.9,58.3,402,30.8754355,77.00009329,1.0
18.496927781902063,40.15780076761119,2055,32.36203842955386,76.47505702784837,0.0
0.0,1.7021619946418491,78,16.676641248218218,76.45807074638677,0.0
0.523740658765133,2.4741004705465235,69,22.36835312109235,87.943426121811,0.0
0.14022317023452424,7.511919921848014,1787,22.220700430990824,77.06550162875642,0.0
9.5,77.5,2435,31.5728,77.8561,1.0
2.3186808125980507,5.856207719999206,15,14.87238406604859,78.25603362797861,0.0
0.0,58.08553329901413,56,14.648777441447919,77.90997450299997,0.0
28.582777998406886,106.15773441062215,642,28.99368151857783,84.30958982736382,0.0
60.3,247.5,1569,29.3908,79.4552,1.0
62.4,125.4,121,24.5308,92.5121,1.0
2.4586034750974837,3.06253642792029,400,29.18126050051234,78.68707114238687,0.0
23.5,223.1,1682,25.72019272,94.03225673,1.0
25.002842319905888,147.38428537151373,174,13.889824626665403,74.88785513883354,0.0
41.5,392.3,2881,27.71646253,88.55668313,1.0
0.25806828701211315,11.644878474091513,4,27.74921757708166,79.9948409128881,0.0
7.563768969816439,12.470034847499885,988,32.43943547584302,77.0570171593187,0.0
22.6,31.4,240,8.4557,77.009,1.0
95.5,436.5,167,26.19037705,91.77306002,1.0
0.0,5.074770952100073,839,34.3886494714581,74.85661390033181,0.0
3.2,10.3,1187,34.16098224,77.55448943,1.0
5.1672180778520245,31.78284624966301,2164,33.19912960211006,75.71479625009039,0.0
46.1,344.0,258,25.5114,90.215,1.0
19.1,190.4,247,19.4662,72.8276,1.0
19.9,53.3,790,31.5124,78.1181,1.0
28.123563138289224,162.68470831961218,151,10.846018036796156,76.54332894186638,0.0
9.6,157.1,1341,30.3629,79.2143,1.0
27.003767611425214,135.88501658344964,142,16.15531696921971,81.49462923213376,0.0
116.4,205.1,472,32.4298,75.5807,1.0
1.120418880960561,3.564969166692694,934,33.72476038812041,75.37579012458673,0.0
0.02208748874212052,0.029115326069158787,207,19.307087970844538,73.17963858007164,0.0
78.5,295.5,19,27.8458,95.2253,1.0
0.0,1.0627036985460394,27,17.094120904203525,78.34587664612424,0.0
0.038362827316754555,5.191814136583773,1717,11.340602992377248,76.86119724694807,0.0
16.08168641102211,112.35147818764754,217,16.73400837346058,78.19946839500865,0.0
35.7,190.6,1654,26.11613908,94.24222574,1.0
39.3,87.0,286,19.0263,72.8676,1.0
0.2888977095853522,9.332671781098584,2,28.97773379067134,80.17812481026351,0.0
15.3,77.7,645,27.6802471,93.62592773,1.0
10.5,203.4,355,23.8986,91.7599,1.0
5.572084273429698,16.717362453047514,884,32.65029025622179,76.57826955705377,0.0
359.3,640.9000000000001,1032,24.5938,72.7308,1.0
5.4,84.4,1286,31.0722,77.1402,1.0
0.39892277940992155,1.4817131806654231,63,22.986105596736063,89.7546734140376,0.0
0.11982971664727203,21.470131859487314,1651,33.37457758676878,75.48824215002234,0.0
74.8,297.9,2646,31.563,77.9796,1.0
0.3284027771152602,11.652013980978825,2295,31.700368705795075,77.57857974491047,0.0
22.69817837623465,120.02303611462052,668,27.316889898660268,87.68079997692271,0.0
40.1,128.8,597,33.2412,75.2382,1.0
35.2,150.2,590,27.23279809,88.59292517,1.0
0.0,0.0,79,16.6336471987129,76.44267222937205,0.0
13.7,72.5,1298,31.0766,77.3913,1.0
30.9,43.2,28,24.3599,85.6179,1.0
1.2770922019811883,3.6383251591801224,12,15.710832584054849,78.35025422732761,0.0
159.3,266.0,185,9.84283264,76.7379347,1.0
0.0,19.043839164526013,1771,24.426839352012053,75.87626010867717,0.0
0.0,9.095603799857297,1744,15.156339046339145,76.57952700601555,0.0
6.4,12.5,735,30.72203108,78.44517325,1.0
22.6,124.9,1138,30.135,78.3896,1.0
49.8,389.0,614,26.1984,94.8158,1.0
0.0,5.498795141964624,2011,32.25591784992925,76.57267282966947,0.0
1.0,97.0,279,34.07756418,74.58081937,1.0
0.0,31.085790129183117,1519,11.349548925624148,76.79571129532442,0.0
2.873819743021545,26.42595708923111,5,17.953750259011272,75.02298448725242,0.0
0.286117282735059,7.916037161023983,1602,14.40846649050254,76.6511433382298,0.0
0.0,6.184722046310593,1736,12.443764484435313,76.78530488563892,0.0
7.852497465100255,47.524360450638504,2099,32.12774083891497,76.81310307587935,0.0
103.5,399.9,376,26.10430759,91.86227824,1.0
0.9411476328852972,5.4224913621505735,8,20.610271357143972,79.02980378234923,0.0
27.9,45.3,1945,33.24199059,75.22770891,1.0
20.78628769413437,27.00228281797838,525,26.385587523565196,73.6948883372994,0.0
126.9,492.3,912,27.1176,88.1069,1.0
25.5,266.1,37,31.91422878,76.8929866,1.0
176.4,340.6,27,10.6012346,76.61007121,1.0
19.9,132.4,792,30.7866,78.6171,1.0
0.02934656231247832,0.2714557013904244,60,20.438005057530507,85.74135133075457,0.0
0.0,29.32315859109761,1743,29.25597650739993,75.49572624759811,0.0
0.0,1.6067108409790154,145,20.101772782375928,83.40611876845418,0.0
27.7,211.4,14,12.9746,80.2119,1.0
0.0,22.92454357023695,1838,32.89148625501367,75.78824082280555,0.0
19.45264577087263,91.55851991285802,2087,33.11089191680961,75.4064652005752,0.0
138.2,505.4,790,24.4072,94.0644,1.0
0.2668577660605816,8.941477900203822,1630,13.775236972721675,76.63008025124554,0.0
5.531056608005242,13.950693764930335,33,10.689054940035382,77.85951542159985,0.0
29.2,250.6,1204,26.284,94.5808,1.0
21.7,89.60000000000001,236,32.6188,75.3504,1.0
11.021756386671694,47.350089751221056,2473,32.55028522067072,76.87084010652438,0.0
21.9,87.19999999999999,568,23.74182634,92.7141905,1.0
0.46437700526425557,2.4316978609030397,70,21.613103279688403,86.38790334808365,0.0
0.014950336516866836,31.318923415167518,1511,12.998578838839432,76.70867663012808,0.0
139.3,315.9,968,25.583,91.893,1.0
25.9,75.19999999999999,48,11.6753,92.749,1.0
24.617337675285203,48.417645977707906,2038,32.56010444804272,76.19600782956859,0.0
178.1,348.4,1493,30.4326,78.0767,1.0
0.9903948286293653,5.186104822579047,8,19.93357593161123,78.93653023874823,0.0
56.0,149.0,426,27.3765,88.7628,1.0
0.0,11.730966533574232,1883,28.942668471748753,77.22271914254688,0.0
1.679119161777812,2.2402176049185623,198,25.899866147399635,93.06541883354666,0.0
42.4,119.7,1222,30.0667,79.0193,1.0
9.48315351047389,38.60420590115927,1835,33.31195147906813,75.20971169318568,0.0
140.8,205.8,726,31.9671,76.8521,1.0
22.1,65.4,738,11.3192,76.5959,1.0
70.5,78.6,1578,32.99132714,75.19803944,1.0
4.252457287162571,14.620350042611918,1072,30.395528461938593,77.12527762775032,0.0
1.0831976784353765,12.157681405722435,216,19.086215680880038,74.59819449933755,0.0
25.3,207.4,370,25.69111465,94.09483333,1.0
3.8617713417055723,4.600906250275791,256,25.870787400493114,91.78572345516535,0.0
24.2,144.5,182,15.3956,74.0113,0.0
0.0,1.6142079069032964,164,20.688551109827184,83.32359938369171,0.0
6.6,46.9,1645,27.3341,88.6083,1.0
1.3691143489700572,5.496195361130287,429,30.46167651960672,77.88432219939291,0.0
0.2329212484441642,6.644154540288543,7,26.747166684683116,79.82206418257356,0.0
3.037035192811785,34.087320373051675,231,18.806012343532846,77.53451716649535,0.0
42.3,280.6,1654,27.3313961,88.6138098,1.0
55.7,135.0,207,16.5141,80.6053,1.0
85.2,331.4,1696,26.8811,88.2779,1.0
67.3,284.7,122,19.029,73.311,1.0
3.6205949253340552,21.80580331868768,2272,32.98123016660712,76.14538404224146,0.0
8.6,149.4,2322,27.3543,88.6428,1.0
0.0,5.170816548971937,2018,32.311506976535846,76.49137151879607,0.0
15.8,129.8,364,18.7687,73.3679,1.0
0.0,14.348208342746737,1900,32.22585083906561,76.676074504728,0.0
104.1,477.8,416,19.0811,73.0226,1.0
61.9,424.6,572,27.478,88.527,1.0
8.046925929810955,24.456433663007793,462,24.590020514180218,80.03867916923971,0.0
33.2,198.1,538,26.3185,94.5247,1.0
0.44485466242490224,32.03018974456293,20,17.67934784077952,77.82895074775587,0.0
94.4,545.7,52,12.82259873,75.62136484,1.0
19.956097811785003,111.39657602761864,640,27.971585773828465,86.29854545540213,0.0
50.4,186.4,544,32.2241,76.3374,1.0
9.924176994092086,19.97254486054014,31,10.943913360682933,77.68758020330142,0.0
373.7,524.5,329,19.41286968,73.28423263,1.0
84.7,152.0,567,33.24823884,75.21350071,1.0
3.0210596774198804,34.388414601022326,6,17.7525880655541,74.11632314749328,0.0
6.197965196184182,10.03700334008931,402,18.800349110867806,77.92766429487475,0.0
74.2,315.2,1177,27.1071241,93.65156438,1.0
16.4,96.3,239,34.0978,74.4016,1.0
48.5,136.4,931,25.8266,94.1497,1.0
6.4,55.4,939,26.89,88.47,1.0
33.8,97.8,136,15.68638494,74.16234114,1.0
57.2,221.7,698,26.7215,95.0283,1.0
0.0,22.269502640698462,1591,11.346238169228018,76.82049981041159,0.0
4.0,59.0,1177,24.8029,93.6228,1.0
43.5,229.1,111,19.069,72.8703,1.0
0.09121780141105029,28.309074858374018,24,16.62048109217838,78.41147921394015,0.0
0.5,8.7,1493,33.1617,75.3278,1.0
0.20420590872287553,15.684556845784336,8,25.60286518032066,79.674623867262,0.0
2.4119422480370902,2.579485886520934,391,29.416393911947644,80.0874081985681,0.0
10.0,196.5,1909,33.0498709,75.94928866,1.0
76.6,446.2000000000001,1100,19.3379,73.7767,1.0
1.3,79.3,71,12.9368,77.6177,0.0
67.5,169.9,780,18.7624,73.3747,1.0
32.1,58.3,545,31.10756408,77.21537742,1.0
9.4,121.3,1051,31.7085,76.9297,1.0
83.5,206.7,367,26.159,91.8178,1.0
6.487850915043533,37.57424529716339,2160,33.20410923601911,75.68945786959944,0.0
112.9,170.8,1130,18.2733,83.0645,1.0
6.902049202072076,8.037829450514316,336,24.665799284254845,89.61343633846927,0.0
38.25957985382722,50.235996592773496,594,32.18356004596858,75.1773454515918,0.0
39.9,455.6,1834,27.3392,88.6188,1.0
34.0,189.1,2013,25.5007,93.9854,1.0
1.5366233951098405,7.116841825386103,10,16.02131056859402,77.8499048054275,0.0
2.0,15.8,921,34.2607,75.4446,1.0
96.1,174.2,188,15.323,73.974,1.0
14.655251437919478,31.252091518000825,2116,33.198110076265,75.62942531204968,0.0
66.4,320.8,230,10.007,76.7105,1.0
3.8,69.3,612,33.2395,75.2406,1.0
31.0,177.4,1872,30.301,79.3628,1.0
54.5,134.5,1070,33.01346369,74.93530189,1.0
16.3,127.9,1300,24.7016,93.5291,1.0
26.5,524.1,1681,27.2084,88.4909,1.0
0.47596337196948535,2.116346987258857,165,21.98834437595376,87.03093366828834,0.0
30.118388242561192,140.4162921968164,2144,33.15076990755218,75.44684500212678,0.0
25.34828632281271,40.97087029163209,28,11.047349905065392,77.05122715780328,0.0
38.8,245.7,53,10.0606,76.6331,1.0
0.0,3.6537174328686675,2053,32.56864026706648,76.11530384395601,0.0
59.5,439.2,1751,26.9599,88.268,1.0
6.977674646497632,15.953703356689028,32,10.883083187576617,77.807447403142,0.0
238.3,413.7000000000001,173,9.879,76.9683,1.0
13.8,144.8,647,30.35948514,78.37742809,1.0
92.1,420.6,42,27.20938411,93.61539279,1.0
74.3,353.5,124,15.6019,73.8093,1.0
56.0,82.7,23,11.2529052,75.78662828,0.0
0.9837415326977754,20.23441485874244,21,13.725699581179121,76.8661134022084,0.0
36.934123941123595,49.05682339110377,682,33.69054642857219,74.43445366361543,0.0
2.3654985725172493,5.559010398443803,197,25.493117730823407,93.42357042533774,0.0
78.5,157.4,197,25.5145,90.2023,1.0
32.0,103.5,1622,27.339,88.6065,1.0
4.011560840963269,41.98675948401183,51,11.89512280219973,77.70884399644261,0.0
0.7090966158018949,8.1090483282474,19,13.907516763539885,78.2791145359561,0.0
0.8920687584366587,1.2432870940197676,203,26.098360259122273,91.92516352686594,0.0
0.150474905887536,13.802781994420856,1598,27.939638096408515,75.97490044045607,0.0
0.0,2.9156473219955856,443,20.245148979125673,73.55435501026447,0.0
3.0298746024581806,19.76699775987303,2256,33.015625840709774,76.08748209769342,0.0
48.5,468.9,268,11.46851,75.9434,1.0
21.8,94.1,1625,26.96904055,88.57106646,1.0
66.4,320.8,159,9.6991,76.8168,1.0
5.0,54.6,619,31.10587659,77.17798485,1.0
59.1,160.6,2165,30.80200029,78.61786282,1.0
63.5,167.9,2470,27.5799,91.8569,1.0
15.5,217.6,238,26.1961,91.7825,1.0
9.4,88.4,911,31.3237,76.7622,1.0
38.731362731750465,52.41330196665041,623,34.022541679315474,74.1190043463646,0.0
1.1888389098891916,3.383618435838468,11,16.01819506972775,78.69251080974826,0.0
8.604200691180674,39.994684456987954,2602,31.96794247580383,77.48985661268594,0.0
35.03419546187461,140.3915705180976,2067,33.29221599584801,75.19306609224338,0.0
54.1,323.6,1894,26.88211522,88.3195318,1.0
16.4,31.7,392,30.1281,78.3221,1.0
17.37477979521406,320.175233097099,87,11.873390709391046,75.4696220504226,0.0
0.18084494111446353,5.203376704166825,11,24.67200963184479,79.49439593241155,0.0
0.6651661476745616,1.044786381561278,202,25.88793162929175,91.3239268410946,0.0
7.1,288.20000000000005,515,28.0822,96.5316,1.0
238.6,502.8,769,13.90074546,74.66018578,1.0
74.2,315.2,1019,27.0844941,93.60505989,1.0
1.9446127055608027,2.5765094270436837,196,25.832908675657563,93.45005801409073,0.0
0.5339412457848038,0.7627732082640055,205,24.50869183140615,87.21631294818503,0.0
0.0,26.67603462392478,582,32.266759445691235,75.11270462755506,0.0
44.6,166.2,144,12.43205911,75.73750347,1.0
54.1,103.8,2638,30.6838,79.0479,1.0
0.0,0.0,63,20.23854683668019,84.6763295531142,0.0
16.8,156.70000000000002,16,26.3221,80.4703,1.0
70.9,468.6,2243,27.583849,91.876945,1.0
14.0,292.7,473,11.86719598,75.6300566,1.0
0.0,0.0,76,26.976653715259538,79.08650566477884,0.0
20.1,126.6,220,23.79260297,91.53090192,1.0
41.5,141.3,306,34.4002,74.2798,1.0
36.5,313.2,2162,27.49532869,88.5364844,1.0
1.2,1.6,191,17.7345,83.2884,1.0
160.4,515.2,30,27.15977181,88.63411246,1.0
59.7,87.5,298,19.19,73.009,1.0
0.06051594655063203,10.911411781851228,1825,32.26008645360771,76.80431551889265,0.0
0.0,18.948731363051724,26,13.57333194442759,78.27796846741987,0.0
6.6,21.4,73,19.0176,72.8562,1.0
1.9930639764839704,2.637881036879696,196,25.820689265130742,93.52025277995456,0.0
29.2,131.4,2670,27.4459,88.6193,1.0
6.932028906863718,8.072742524448886,308,24.749190974347226,89.63588997932828,0.0
0.0,27.39670468873407,24,16.301752735890005,78.40599368718263,0.0
3.4617637815994855,46.264632493856055,54,12.0570986027302,77.69429805932553,0.0
0.3,8.5,2,29.420147,80.244129,0.0
21.9,87.19999999999999,404,23.73504471,92.71060943,1.0
38.8,161.2,352,26.3312531,94.55427723,1.0
131.9,352.9,745,25.0728,92.3636,1.0
0.0,57.5,205,16.5141,80.6058,1.0
0.9392951695159794,6.369215745581752,30,11.621530531688236,78.1190442142452,0.0
74.6,153.7,301,34.08325186,74.84254061,1.0
0.7330355121240884,76.63962817227457,72,12.997931589551715,77.6111626595852,0.0
1.4534686826773855,4.072715979819122,419,30.29048561731652,78.0473134645086,0.0
0.0,0.1,188,15.2875681,73.97726045,1.0
9.451190149142185,12.72543215714133,337,23.633534239697383,89.50047951598236,0.0
0.2,10.0,2179,33.1804,75.8101,0.0
0.042897504615850755,1.2154292974491048,2,21.04018597381503,82.05235313225299,0.0
1.198647682889777,4.450007146615651,17,14.539171598058456,78.28520727179409,0.0
25.5,44.2,1684,34.0893,74.0241,1.0
0.9,261.79999999999995,354,26.9343,88.4486,1.0
27.792454265804786,200.4887584347027,123,10.493232450888424,76.00051377076424,0.0
0.22752725825065098,8.857618782597985,2261,32.95143984658863,76.14852517794903,0.0
111.8,189.1,1434,31.5596,77.1679,1.0
28.48953691045274,199.95482279199365,123,10.814893951264432,75.85131144883678,0.0
0.0,73.2,75,13.07696939,77.60271045,0.0
0.2892671711076975,14.998961582031058,2112,31.924194376064456,77.14429925293076,0.0
14.0,292.7,473,11.86719598,75.6300566,1.0
0.33527367515842177,10.898342577664085,23,12.786598927868365,78.23418040024512,0.0
3.0,182.2,1531,32.5612,76.1238,1.0
139.6,361.6,139,14.42827957,74.41606625,1.0
36.3,181.9,1630,25.70223725,94.04619681,1.0
0.777552761669501,6.32253256013605,43,13.321987353102418,81.29187756866476,0.0
11.1,32.8,1817,31.69137979,77.13222306,1.0
85.1,168.39999999999998,373,26.1044,91.7082,1.0
22.5,103.7,57,12.8747,74.9566,1.0
16.1,49.9,68,33.8911,74.9781,1.0
7.1978077659069575,16.173217233930508,31,11.017858656467665,77.80369460333785,0.0
0.01047556527066691,2.1694006199181683,81,15.631108463601961,74.26959118904722,0.0
3.3684811496414095,38.800693188643265,3,19.08477587008024,73.67769272918174,0.0
31.812821091064627,180.88557909603645,126,14.638724501543912,77.06202152666033,0.0
88.8,302.8,519,29.8002,80.2565,1.0
0.5373605475246854,5.66001362735104,51,11.909588112696266,76.77894677765475,0.0
3.9363149933611017,8.935383957869842,29,13.939492493696328,78.05418585771673,0.0
28.440427277384085,164.88197931694208,149,10.979236032062168,76.43563149603271,0.0
0.0,0.0,1902,32.00653439,78.56989163,1.0
1.488535273454029,1.9988113463751032,199,25.947931404034893,92.7893065425085,0.0
0.0,0.0005928860991257778,61,20.831962141089996,86.03167222291901,0.0
34.0,189.1,1803,25.4538,93.9827,1.0
12.810553937631232,20.360349858252803,369,19.551836659503962,84.16741257232525,0.0
0.18011172144813098,17.883352573836206,1578,33.39600907827069,75.63288920031863,0.0
29.37848395603119,225.47212835175048,116,12.651367061842771,75.02423268608715,0.0
0.0,0.3,1042,33.30077774,75.18148186,1.0
4.9,106.7,405,32.9918,75.1945,1.0
12.1,98.6,193,8.5845033,76.97925203,1.0
14.555614376212452,59.51870660706495,2571,32.339357125577834,77.22485053374291,0.0
0.7,11.7,2244,30.5568,79.5541,1.0
42.1,203.0,1412,26.8352,88.1881,1.0
0.0,29.79986245774994,1556,13.637254734188502,76.84776632496688,0.0
23.7566309675994,30.860886639728406,539,27.473852666267952,73.74229643431835,0.0
25.7,291.0,205,9.76821399,77.10872715,1.0
9.4,39.4,98,17.3895,78.499,1.0
38.4,40.7,666,30.61461423,78.3157525,1.0
0.42078300732551677,1.3328773274148529,22,16.887449996591055,78.35444562370367,0.0
0.27421123145667975,9.130454391418663,1595,17.034546094226634,76.51696347975324,0.0
31.75493024786196,81.19299383624737,44,11.999269859620888,76.59822721185681,0.0
16.9,40.7,117,11.54868241,76.03927146,1.0
36.2,110.3,813,32.9262,75.1447,1.0
39.3,229.2,232,9.980976,77.000961,1.0
7.793052933204631,11.981079889431088,1000,32.415161744246696,77.1121308768208,0.0
164.8,703.9000000000001,566,18.10936157,73.5842032,1.0
4.3,5.4,1959,33.0097,74.9402,1.0
0.0,163.6,420,32.99132221,75.19427899,1.0
0.0,1.0119371286252474,123,18.392287325958158,79.85618776228343,0.0
15.4,344.79999999999995,171,25.181453,93.118105,1.0
111.7,330.7,1999,27.1675,88.3651,1.0
83.5,206.7,382,26.1324,91.8342,1.0
0.0,137.7,608,33.17598419,75.81088889,1.0
0.0,0.0,61,20.92750009792406,85.92858453782765,0.0
55.3,124.7,19,10.57211238,76.38600784,1.0
27.080510581335915,122.3398823942113,130,20.462338495482342,84.84887729001254,0.0
70.9,121.1,2181,33.18477201,75.80813836,1.0
0.23340835142011518,12.271276210256685,1587,11.347216857555912,76.80407841165093,0.0
4.622925931532445,5.38366057849348,275,22.914563688473898,84.08447982009208,0.0
22.740941899172235,120.34713860425272,667,27.30190710198861,87.71182768746323,0.0
2.6,199.3,796,18.97213889,84.15813889,1.0
0.0,0.04409724181403507,8,19.162133351805686,81.4726504078482,0.0
33.2,138.10000000000002,337,26.324724,94.514651,1.0
3.018645706577627,33.880918975319034,230,18.80864961269008,77.50688054632124,0.0
27.81748485295856,127.37641151487527,2219,33.036586341781216,75.74896349534566,0.0
11.9,120.3,1095,31.1054,77.1727,1.0
0.4447062733306797,21.661168260055724,19,16.85449272675912,78.42281436840851,0.0
0.4825216875731106,4.542695188157994,33,12.995591195852956,78.15945228532027,0.0
110.3,308.7,2503,30.0718,80.2369,1.0
0.9784474677338431,67.35308668580355,59,14.056965348364418,77.82618971495934,0.0
20.806762658454502,96.95248908577072,2342,32.63882651444253,76.33108751121883,0.0
0.6894336135182773,29.621132772963445,23,16.847920027502266,78.39781866123236,0.0
40.03614750180984,69.22621676129204,1997,33.05908120374635,75.49301463214046,0.0
7.2,69.6,227,11.4991,76.4949,1.0
0.6257248081356703,2.32412071593249,66,25.031388579302615,90.94037095750947,0.0
76.4,262.70000000000005,26,26.1868,91.6739,1.0
22.6,31.4,44,8.4863,76.9517,1.0
21.998361935513778,103.26571917456641,2086,33.14739237970275,75.36410425146339,0.0
67.6,100.6,1918,34.0404,75.3156,1.0
1.8,23.0,1413,32.26186432,78.0685005,1.0
0.0,5.890879586869534,460,21.750473066707706,73.74948870073847,0.0
0.0,0.0,144,34.43134194,75.74123394,1.0
0.24126265956321105,14.190303829517065,2072,31.771402150939586,77.30219323099622,0.0
6.778478271475458,15.296112341289717,30,11.339450882150468,77.84402554930534,0.0
12.705564606579479,20.575429250953338,377,18.83224378315389,82.72023162325652,0.0
37.2,212.5,1164,31.1263,77.3525,1.0
0.062350970854310295,1.819834466044458,161,21.408100308777595,85.73473388951359,0.0
16.0,164.8,344,24.83507319,93.89896294,1.0
201.2,422.7,98,15.3826,73.9239,1.0
14.5,61.0,1109,23.7348,92.7187,1.0
238.3,413.7000000000001,428,10.0539,76.8294,1.0
238.6,502.8,769,13.90074546,74.66018578,1.0
0.0,8.4,1944,31.76419233,77.29184098,0.0
27.3,97.7,348,23.73354779,92.74744512,1.0
6.231160355742137,14.137622752987525,28,11.77302160917692,77.89458824973379,0.0
36.5,313.2,2026,27.45377772,88.52426486,1.0
8.22827636146488,10.957011097297148,1027,32.337489621609514,77.23220094154189,0.0
2.8,156.5,332,34.2088,74.3279,1.0
0.3941000834326873,3.645425771752357,59,19.45113380602286,77.64891366579114,0.0
34.6,45.8,67,34.141,74.6568,1.0
37.2,57.3,439,32.22035575,76.31070832,1.0
5.834859788293295,34.71066953031372,2162,33.20164704011916,75.7019865128081,0.0
2.404164243627467,26.98405240608739,226,18.896773499855573,76.58340772172215,0.0
66.4,320.8,106,10.0604,76.635,1.0
18.1189781650687,39.64773601922988,2056,32.34980738995037,76.49228896809497,0.0
1.6,1.6,402,29.99311111,78.33044444,0.0
28.7,103.2,771,23.5397,93.3783,1.0
175.9,911.9,779,27.1027,88.1218,1.0
0.0,0.791053387483343,114,17.757428159861323,78.53783420167372,0.0
11.347028800340944,20.679201002756045,2063,32.93271168951723,75.60889317851813,0.0
8.8,85.5,336,30.23936058,77.9558167,1.0
23.1,166.7,853,26.66354481,94.62220277,1.0
14.2,160.29999999999998,1774,10.2445,77.5146,1.0
0.059158191688370665,2.142255851205979,80,16.457735868170175,75.76983899915086,0.0
34.1,42.3,551,32.62803,75.37123,1.0
1.6,16.1,1795,32.2278,78.071,1.0
24.605336470789286,179.34213350773388,123,12.292048067805439,79.42638181950583,0.0
0.0,22.60665915066399,1780,27.746938099158,75.6243950023966,0.0
0.04218715919560321,0.04218715919560321,425,19.06589222269248,73.49410233267086,0.0
30.53327363493558,198.38940742856,124,11.757954901379893,75.41387369731271,0.0
13.4,82.5,1498,27.0599,88.4674,1.0
0.0,22.60943646954916,1686,19.727966926042527,76.99697690735056,0.0
28.503349416331922,106.46937223537529,642,28.963088208411925,84.37136311262829,0.0
0.15603731390882733,12.144895533811857,2027,31.768855302277657,77.29853632788884,0.0
25.81292500771836,150.08398838442383,125,16.7765035739751,82.4635888079638,0.0
16.3,161.20000000000002,696,26.7225,95.0281,1.0
21.9,87.19999999999999,692,23.75406693,92.74128531,1.0
72.7,261.1,705,26.72,95.029,1.0
50.7,159.2,1243,9.5527,76.9299,1.0
2.9219157729653285,33.69962537007491,7,17.556623852415232,74.25013874374162,0.0
0.0,7.463424815155388,1965,31.922932557683342,77.05967707697032,0.0
0.09252087941241544,5.754574736790409,2131,32.99316062402437,75.76714005810554,0.0
30.5,50.1,81,17.6874,83.1993,1.0
0.15682663243078107,27.706640718953597,21,17.25002695902981,78.44727481501356,0.0
15.1,35.3,1984,34.1481,77.6538,1.0
51.0,110.0,42,24.5202,92.7239,1.0
5.440164414457335,54.958641592281175,241,20.377010421650304,86.05758966888142,0.0
12.2674256693799,50.172583720002415,2604,32.20640822295468,77.39362218433429,0.0
20.9,50.6,1731,11.34165808,76.8694278,1.0
0.826449180637502,2.425055486331736,17,16.330041660706325,78.35246000012363,0.0
23.463369181363667,141.5829419582001,185,15.517043061419868,74.39132152535605,0.0
39.9,163.5,670,31.5494,76.9001,1.0
0.0,0.0,426,18.769972,73.36312926,0.0
4.43285457342715,73.95200211513497,70,12.932579902734533,77.45895280441064,0.0
0.27136207415164093,0.35770455229079934,98,16.75238069273972,76.28377884698936,0.0
0.17561276288189287,17.829042783858036,10,24.463461963159105,79.50463485123326,0.0
1.1798635091320393,1.555274625674052,201,22.74196786916263,84.15206272782034,0.0
0.3793306631648507,2.370950473689179,72,20.531107267067444,84.15940974709805,0.0
0.0,0.0,81,28.5746,77.2791,0.0
2.3,53.1,1918,33.23064797,75.25138307,1.0
16.9,120.8,1925,25.6278,94.1051,1.0
14.1,17.5,465,30.94222039,76.80054202,1.0
5.5,19.2,217,16.0781,78.8743,1.0
6.934406191077377,15.62615977111378,30,11.215928922568814,77.8296205089063,0.0
85.2,184.1,139,24.1965,73.703,1.0
15.9,55.1,527,31.72415448,76.93732121,1.0
0.1,150.1,329,25.03190213,92.42257695,1.0
20.890676908840888,39.713058575449416,1961,32.4399059440271,76.35155804941637,0.0
19.7,113.2,1079,25.83762589,93.94633448,1.0
0.01501164481493239,13.154809801356105,26,12.663900487947252,78.29647198506918,0.0
0.0,21.436632415656312,1849,32.776004952802154,75.9422713735833,0.0
0.0,8.4,1902,33.3191592,75.19329838,1.0
0.0,0.13273423307252963,18,18.197602773052257,79.70099649218562,0.0
50.2,356.2,1748,28.10756941,94.18315697,1.0
37.614835004220126,48.81347772941295,602,33.65857474979307,74.47796153157074,0.0
0.8646227009457881,2.5278303487001987,17,16.277589078189568,78.35227315131284,0.0
1.6666985886868235,2.1970117759962675,168,23.275388625030622,88.97097476837696,0.0
2.5545887412233914,8.128236903892608,987,32.5578470708797,76.14590653943127,0.0
28.067196964647867,48.056179645412435,2023,33.08114268566946,75.43020455760806,0.0
79.5,688.2,1515,10.52955815,76.69262671,1.0
238.3,413.7000000000001,435,10.0539,76.8298,1.0
24.85356242725493,184.89656359117606,135,9.232147228147674,76.92116055794212,0.0
2.387398396993961,67.90044013817997,63,12.572433677028876,77.64998594036815,0.0
11.3,74.1,2268,32.22681803,76.32377459,1.0
0.4796730678269723,13.597125918285057,28,11.725094017959464,78.16772567872795,0.0
0.6618642310367484,1.0718249114550318,423,18.773215890936658,73.85056382525984,0.0
1.3722289118319855,2.5237404144690845,180,23.95351330918022,90.5603575207377,0.0
23.6,89.80000000000001,250,26.1475,91.7356,1.0
5.787123594213302,12.897414578958658,1046,31.520538694388602,77.17139922468034,0.0
42.0,130.3,332,25.682,94.1076,1.0
6.259758428231471,14.198155339756612,28,11.750366975143715,77.89194628291607,0.0
0.0,29.98239043667478,1528,11.349134568946893,76.79881369414713,0.0
0.0,30.152884127837293,1527,11.349198593977752,76.79833432168552,0.0
33.0,166.4,485,27.0076,88.251,1.0
6.1,29.200000000000003,1983,33.2413,75.2381,1.0
1.6958862009450435,15.874270490487277,1951,31.843548859294895,77.18312173733041,0.0
0.009158870017389353,5.045794350086947,1729,11.339955930030019,76.86717977494737,0.0
15.8,93.6,25,30.995694,78.936314,1.0
75.2,286.5,3,12.8157,74.8586,1.0
22.2,119.7,1593,30.2853,78.9829,1.0
0.3957461178299226,1.8765361100582134,2764,31.552266142282473,78.21663878988676,0.0
79.2,279.6,2553,31.5699,78.2844,1.0
2.246530159970182,7.148050508996033,976,32.808499152557644,75.98048612673807,0.0
5.286416939891329,6.942402969254878,977,33.18746750837151,76.34086425666071,0.0
0.2734538813583008,2.529448402564282,65,22.24410846482017,77.5357022859196,0.0
13.7,256.8,267,27.98531715,94.21263589,1.0
12.147751154546016,18.853979896695492,363,20.357155965836427,85.21962716865676,0.0
10.706005230773023,47.691246900495834,2443,32.18705345277564,77.24421551518952,0.0
0.8416613755794042,14.396964287097553,493,31.532103449225747,76.86516617451984,0.0
24.0,132.4,416,27.8997,93.3497,1.0
6.7,75.2,259,18.2807,83.0394,0.0
7.8463002164951625,38.18344142114644,2088,32.94448020480623,75.59959584892941,0.0
12.010899968183006,19.4504872619083,380,18.828839132745475,82.20864096743912,0.0
4.577902167579946,18.837485739016262,832,32.75554188062085,76.33929483366822,0.0
0.4611483566975021,1.7128367534478652,70,25.963314491032058,87.34722031510321,0.0
22.3,22.3,930,13.6529,79.3439,1.0
32.4,120.4,1947,25.6263,94.1057,1.0
0.24984415578590458,24.38387987111286,564,32.73315287246984,75.72164416288176,0.0
17.9,114.5,1671,31.6865,77.1043,1.0
55.2,202.5,195,26.149,91.7351,1.0
12.6,154.6,123,32.737,74.876,1.0
0.0,5.0,1733,11.339753,76.869056,0.0
13.312481566703463,55.2562731850807,2535,32.41690393396041,77.09537519904205,0.0
0.6110620851134858,0.8729458358764083,205,25.269460376673045,89.2739617229793,0.0
42.6,98.1,1199,11.405,76.0376,1.0
25.64179067784006,154.23032871976085,125,16.140985544076422,82.03316870477764,0.0
226.3,480.7000000000001,2209,28.611,94.9829,1.0
1.2558702278384615,3.5811890749497044,12,15.739992780465874,78.35035810301417,0.0
5.6244630867098,7.3863430897755205,983,33.09481445604838,76.44104959009815,0.0
102.8,292.7,323,19.1711,73.0207,1.0
6.3,243.8,1553,27.172,88.5292,1.0
4.5869738333597,31.420220754003452,597,33.33284707855603,75.1062613088527,0.0
18.613458856822028,299.1281518687064,95,11.629134234002617,75.68721593452219,0.0
0.0,2.1,2090,32.83198,75.730159,0.0
75.2,184.7,148,26.1965,91.763,1.0
119.8,251.3,27,24.8669,92.3576,1.0
0.0,1.575313583958875,165,20.653685849796577,83.07413703047463,0.0
2.8327973695912885,4.587440516427684,415,18.783855943687694,75.44936279486417,0.0
0.7,2.6,65,24.6108,92.562,0.0
239.1,395.2,912,30.6945,79.0544,1.0
23.8,103.6,414,13.664854,79.357442,1.0
0.0,0.7905730704439042,68,18.90278915100563,81.58697736961885,0.0
18.3,144.20000000000002,1342,30.2411,78.9014,1.0
14.900410248494751,30.734241295545985,1956,32.246149429974864,76.6211781060065,0.0
120.2,239.3,1884,10.3018,77.1711,1.0
83.3,431.9,127,15.5931,73.8119,1.0
22.38539351177181,216.6559222865274,107,16.879373888321144,80.7864026079766,0.0
18.5,151.9,1100,30.9012,77.0958,1.0
14.5,203.8,948,25.4191,94.1079,1.0
24.626571925727262,170.18577394818578,117,19.102562729054455,83.12251373765332,0.0
30.7,95.8,1919,30.7394,78.5306,1.0
0.08062240110194133,0.745757210192957,80,14.936645997121538,74.24101803100365,0.0
9.9,66.8,1652,30.7314,78.4347,1.0
0.27055751725156885,9.503133240339977,1593,17.840434136158954,76.47578653170449,0.0
8.423548262157194,37.486380584253745,1831,33.31418889167409,75.20870588304787,0.0
7.401022439448555,11.614571907104995,1033,32.06064260584521,77.2115965535602,0.0
96.0,453.2,1252,30.9086,77.1103,1.0
19.92702368006419,267.62946818479156,97,14.440736989886137,78.22390018114936,0.0
26.26255463958197,163.76168040627041,150,9.989131176249904,76.94735108451114,0.0
15.1,35.3,1793,34.208,77.5101,1.0
41.8,54.3,626,34.08452617,74.03027722,0.0
36.9,89.3,401,31.0226,77.1029,1.0
43.5,229.1,106,19.153,72.9266,1.0
63.5,326.9,953,27.07671517,93.59755441,1.0
0.0,8.217666944541818,1948,31.795095978960582,77.24664316300517,0.0
12.791018503424464,20.713813546590366,377,18.832662604882696,82.78316474625238,0.0
4.703401485238093,25.238252225043553,843,33.115203985033475,77.47378773497749,0.0
0.45024979267574966,75.31271056563236,73,13.02842228324078,77.60790202059985,0.0
0.29670125140245585,15.52083003365894,2102,31.773058861186534,77.30457202520597,0.0
8.3,153.60000000000002,678,30.7864,78.616,1.0
4.6971731794976535,9.790975865331319,2078,32.87367850968489,75.67996025861342,0.0
27.93869937256271,36.342374709529,791,33.371586238923385,75.35587690279729,0.0
14.6,59.7,2571,32.34193603,77.22157675,0.0
0.2845225052917201,1.8154774947082801,2578,31.896544078035078,77.5360075500875,0.0
0.0,6.778908297051844,15,15.665342285420188,80.24946954002738,0.0
0.26054039276937385,9.406857732656128,1634,14.23820726760938,76.59624250447527,0.0
19.3,216.3,1828,31.9563,77.1135,1.0
7.9,9.2,323,25.51826286,91.9630294,0.0
8.3,10.9,1027,32.3614925,77.23398736,0.0
0.0,21.52742564357142,1597,11.345959499077134,76.82258628806595,0.0
1.295478126660866,28.409043746678265,24,16.305038238131722,78.34263091705826,0.0
11.3,90.1,1274,30.24147729,78.89773782,1.0
34.2,37.5,537,30.81350174,78.6179215,1.0
0.26635373720167105,9.931918805429552,1591,18.767648440000052,76.4284104034674,0.0
2.8692767460825315,3.7680863291927222,938,33.84996704861791,75.6245064500095,0.0
6.060787482555903,7.058132258166367,296,24.0569726944808,87.54130236425844,0.0
0.0,1.9892950131848122,80,15.97544737663533,74.84256357921781,0.0
5.476871863647554,61.47175584273076,249,18.456110996711562,81.2012231581778,0.0
5.719380758503548,14.211450281004911,33,10.714313995237651,77.85273708406825,0.0
1.407092982756354,1.407092982756354,404,28.63997217886212,77.7315507180732,0.0
0.0,1.4016983158303322,138,19.512530314449403,82.18249320370192,0.0
280.9,465.1,352,10.32303994,76.46715889,1.0
151.6,372.6,60,25.43807422,91.79904872,1.0
22.094758135003104,105.77811336095594,2038,32.79808441558153,75.87539843210567,0.0
36.6,258.6,904,9.835,76.8661,1.0
0.0,0.0,3,19.641991,82.354055,0.0
30.0,71.2,303,19.1935,73.0114,1.0
1.408380589089198,1.408380589089198,404,28.649004044482385,77.73554818462506,0.0
1.1474609570857388,4.432187405988454,10,17.775363082601068,78.63904904901815,0.0
0.0870080564398813,0.3231727810624163,61,21.30292908902206,86.84629498331236,0.0
66.4,320.8,159,10.0011,76.7416,1.0
0.0,29.18347601434581,23,16.87882179688804,78.43307139952955,0.0
41.6,121.0,1794,33.2483,75.2131,1.0
7.697248617529844,25.583012514807976,2084,32.01254395282659,76.96744918213122,0.0
25.8,171.9,1645,25.55544,93.63981,1.0
2.18401148768544,6.949127460817309,973,32.859367514309376,75.94691502955162,0.0
11.5,21.8,1577,34.2116,77.3504,1.0
5.6,10.7,1514,34.6113,74.9499,1.0
0.08069657324247942,5.287514643077937,2125,32.972561500245725,75.76241382380789,0.0
43.9,381.1,18,26.8712,88.3052,1.0
0.6457495668241069,2.398498391060969,66,24.917996952889435,91.3775657925945,0.0
223.1,569.5,644,11.86932069,75.90546189,1.0
0.5256097474540481,1.9522647762578933,64,23.669742862764924,90.93593745250656,0.0
25.410362187511346,46.48761980633569,1965,32.586096174589855,76.14812840768248,0.0
3.980853788564397,4.4721410782681605,372,28.302006441862975,83.48237960665746,0.0
143.7,711.5,1333,30.8741,76.9576,1.0
131.9,352.9,833,25.1416,92.3807,1.0
0.6,35.0,212,11.16100669,76.12754727,1.0
0.0,0.0,63,21.642184538797498,85.12021900057572,0.0
49.0,64.7,1076,31.7099,76.933,1.0
49.2,189.6,383,31.05513474,77.02399952,1.0
3.794911089989211,42.59362895032667,236,18.697324003728962,78.6734901667578,0.0
0.0,63.52559112118253,63,14.083046155363656,77.79938282629301,0.0
0.0,1.8723651352310242,155,20.865310482556968,84.99168718968711,0.0
4.4,14.0,1057,31.0563269,77.13685018,0.0
102.9,392.4,121,24.0896,91.4663,1.0
13.670953865996005,51.60617666860128,893,30.479703905909478,81.13096287634795,0.0
7.6,30.200000000000003,400,24.98793655,93.49870413,1.0
8.9,15.4,1647,33.49573061,75.18134474,1.0
74.0,554.5,1618,30.7333,78.4403,1.0
3.7,12.6,255,9.94953321,77.04450096,1.0
1.3,14.0,1768,34.4332,76.2851,1.0
46.1,344.0,416,25.5084,90.2191,1.0
2.538002310434755,6.320438223753564,16,14.698643396254905,78.23577211839915,0.0
4.678385637063466,10.510345814772718,21,14.056334502296195,79.43281395113904,0.0
2.0098008089507005,17.907474543052942,2099,31.828489263282624,77.22675824457782,0.0
39.3,158.89999999999998,560,32.17102661,76.41866146,1.0
15.5,185.4,1717,30.3642,79.3158,1.0
37.9,100.7,1025,26.0319,94.5466,1.0
7.67033437669809,10.073089723615563,1016,32.534073795456074,77.04737597271367,0.0
23.2,65.3,13,19.170539,73.022276,1.0
0.13442794836765434,3.919173238171769,15,22.822367158920237,79.20233653782279,0.0
31.5,266.7,272,26.1407,91.7645,1.0
8.5,21.1,35,11.3742,77.899,1.0
4.3,4.8,550,30.7007,77.8644,1.0
51.0,110.0,33,24.5204,92.7264,1.0
4.8,122.8,1269,33.29475374,74.56644559,1.0
0.7,40.6,265,9.7967,77.0611,1.0
34.136659452033804,84.36709570185644,635,31.1328562777989,79.99021896114171,0.0
23.725609594002027,191.30652005846673,133,9.989975285561771,76.29355996889564,0.0
7.3,16.4,32,10.92631521,77.79584597,0.0
0.21600627190191474,12.687537969892281,1662,17.5019015468864,76.35770439138842,0.0
2.9763831782751216,12.223255235208246,2739,31.66657778863381,78.07890857363259,0.0
34.4,64.6,43,10.4497,77.5206,1.0
20.3,69.1,1080,31.0365,77.1213,1.0
1.3,4.4,192,16.28332586,80.26097734,1.0
6.7855627530091285,15.258372136814778,31,11.38714629955231,77.83535610854229,0.0
0.008173723253295772,5.478162810317802,1725,12.24145063532506,76.82048590755834,0.0
127.7,219.7,505,30.1977,77.9137,1.0
181.2,210.9,19,29.9551,78.1677,1.0
21.0,84.3,902,29.841,79.7758,1.0
0.4,1.7000000000000002,2777,31.51688414,78.2689368,0.0
76.6,446.2000000000001,1100,19.3379,73.7767,1.0
2.8,53.8,353,12.00218517,75.77401073,1.0
1.6648936890549466,25.04956406069006,680,33.06393495312634,75.63908569564488,0.0
0.4587503104986289,4.243440372112317,57,12.370433674012244,76.23252319781865,0.0
92.3,351.2,38,26.8546,88.3373,1.0
23.5,126.1,649,27.03596051,88.26257359,0.0
77.8,116.8,251,31.9906,76.7907,1.0
18.231256547993198,304.5982896377152,91,11.350527119956205,75.69435803314897,0.0
0.35623182438513723,1.9115248108496132,888,34.521176601560285,74.97861912723393,0.0
0.5,9.0,2751,31.43714183,78.23568806,1.0
0.1461934466950474,19.829901286429223,1557,11.34828669372054,76.79946619677273,0.0
12.7,18.4,1733,33.33480589,75.19625509,1.0
90.4,120.4,1952,33.0086,74.9426,1.0
0.0,0.0,77,27.126231162867665,78.91732155094988,0.0
75.4,199.2,82,9.5988,76.5289,1.0
66.8,197.2,305,19.1869,73.02,1.0
20.1,126.6,48,23.71701896,91.61577214,1.0
37.9,76.9,610,33.2394,75.2405,1.0
0.0,13.4,28,11.78127207,78.19387995,0.0
0.7430120501289473,67.41875555516107,70,12.858070489808194,77.62236826077643,0.0
0.0,21.1,607,25.9702,91.8587,1.0
0.6991120620500122,6.466786573962612,43,10.739188601889836,77.4984484528019,0.0
3.464961928873398,34.96205025293187,2,18.808035139765046,73.77327134024539,0.0
0.5632638144793789,5.210190283934254,51,11.661139715058887,76.78296969490927,0.0
0.999265099502293,2.244924333128439,6,18.4489402280104,81.73010168494312,0.0
0.1868147510686132,5.2930846136107075,2,25.731003596833556,81.04017066512269,0.0
85.8,409.1,155,24.7979,92.9974,1.0
27.1,118.9,128,21.556137,85.70071225,0.0
50.3,86.1,333,9.74109526,76.71354671,1.0
125.5,213.5,685,30.3351,78.5113,1.0
5.656497254279699,6.644899650707435,286,25.714113526580164,91.86452423654126,0.0
1.6480407152035463,29.6132690521706,595,33.2734825279232,75.19123814624231,0.0
26.129094421535296,165.76358367697054,149,9.917429401117518,76.94487030899224,0.0
54.90574468481028,81.21028485837621,23,11.245566948820427,75.83177401175885,0.0
179.2,284.7,161,32.8468,75.137,1.0
6.621988458935584,74.23525727550339,258,18.3829744305278,83.15131405661866,0.0
4.005226201107556,4.501542718796416,371,28.28469487874916,83.53511912803441,0.0
0.0,0.0,220,26.876,75.8101,1.0
0.7521480842297527,2.2250140729262573,18,16.432135582328925,78.35282368341485,0.0
0.0,28.6,1797,33.33197566,75.20070999,0.0
75.3,200.8,1004,9.9995,77.0309,1.0
16.6,100.5,57,27.593,88.492,1.0
42.3,181.8,1497,30.2902,79.151,1.0
44.7,194.9,1761,25.7055,94.0132,1.0
39.8,211.5,256,16.9214,73.593,1.0
0.21408570203798,15.26325839212604,1561,30.296241578126388,75.83935552732655,0.0
57.5,123.1,1071,31.7077,76.9313,1.0
3.0025609242655964,28.284979746395216,4,18.139799651694503,74.75081723102782,0.0
9.8,17.200000000000003,1721,30.33597362,79.31958144,1.0
0.8,8.8,15,11.329547,76.801586,1.0
0.11223258706889727,7.150466418100377,2095,32.435865349480956,76.31921344290753,0.0
0.0,0.3553831222592944,198,19.560127984624454,75.24968603870278,0.0
21.5,299.8,508,9.81761111,76.79933333,1.0
3.093094970782264,7.064128565297626,29,14.694846045582947,78.11894738132062,0.0
54.6,137.4,1903,33.0272,74.9465,1.0
0.19478645536448697,14.250731121482794,1675,19.05700115346953,76.24404468736168,0.0
15.0,16.2,2178,33.18368391,75.80816901,1.0
10.550234728475463,43.72284386028676,2437,32.47786500611137,76.80788553018594,0.0
30.3,117.7,1838,25.61560252,94.11603493,1.0
0.11597544121926304,3.285970834545786,2,23.422077521369282,81.53838967070001,0.0
0.3,15.6,2104,31.77315744,77.30471357,0.0
0.6461327588595536,2.3999216757640562,66,23.90844812873021,91.11946606353949,0.0
1.8,97.5,348,31.673,76.5338,1.0
0.6091308259238483,2.1768776481472036,167,22.280329877781853,87.55533672458412,0.0
76.8,280.9,133,12.8715,74.8862,1.0
0.0,18.86222282489034,1770,24.257595835911967,75.88909904493065,0.0
46.7,234.7,1350,25.14429782,93.97198129,1.0
4.8,8.899999999999999,1866,33.33280503,75.21320384,1.0
28.9,262.7,1712,29.350849,79.451264,1.0
2.5988033343551846,5.967207399527943,28,15.137630767536269,78.15691028379273,0.0
26.3,166.60000000000002,1329,30.8522,76.991,1.0
0.0,0.14617349504072885,20,18.051359326155428,79.43237589990787,0.0
97.1,113.6,789,19.2046,84.1917,1.0
24.76761774825006,42.65357191746438,2031,33.051851124414796,75.46546719695283,0.0
1.1480325470791268,73.65382463378602,65,13.466196156955968,77.71623335851308,0.0
50.0,174.9,1494,27.0638,88.4659,1.0
2.2,2.9000000000000004,195,25.7685,93.82005556,0.0
0.0,6.715204212424577,1983,32.04974854721286,76.87420364326405,0.0
0.4761336438000421,32.102625280379044,20,17.694384083386026,77.78453771387,0.0
23.4,148.6,444,9.9983,76.7329,1.0
1.3,3.7,2057,33.29950376,75.18115668,1.0
45.81202469226481,73.29431565339448,23,12.383150957488644,76.27309895601682,0.0
57.1,213.0,2106,32.2322,76.3037,1.0
0.18323949637975107,10.407088225797398,12,22.555067266262057,79.44616862791688,0.0
14.800659312339068,19.226693795694054,496,24.192591588290227,73.5993548501168,0.0
15.338897467874133,27.344125300206464,30,10.98022534231302,77.46418488169304,0.0
74.8,160.3,246,26.7223,95.0243,1.0
27.013589046110525,134.15153336149217,140,16.70652225431152,81.92390019020488,0.0
38.7,119.9,1373,30.4008,79.0278,1.0
2.290308295870604,29.3116155292063,11,16.308211628361335,75.102626161978,0.0
105.7,281.4,2494,30.6509,79.0264,1.0
79.1,91.2,30,27.9032,96.174,1.0
11.750119667602604,21.3392069282724,2062,32.936290073321715,75.60458534199013,0.0
13.042593842252863,27.949558242673525,1955,32.18605794306238,76.70479784999901,0.0
0.3388563443262672,1.761143655673733,2671,31.717908561104476,77.8808614109117,0.0
0.9948794699575758,1.3114320285804408,202,22.19315881932926,82.39894010078372,0.0
0.29307573256035646,7.2062752788436395,1606,12.873663495580551,76.7295642849353,0.0
2.4185251094981797,27.145237049890017,365,18.59335757949636,76.85601041686455,0.0
0.004045425362106114,30.696593097842044,22,17.626705440562752,78.48465044483551,0.0
